NU_SEQUENCIAL;NU_ANO;CO_ESCOLA;CO_MUNICIPIO_ESC;NO_MUNICIPIO_ESC;CO_UF_ESC;SG_UF_ESC;TP_DEPENDENCIA_ADM_ESC;TP_LOCALIZACAO_ESC;TP_SIT_FUNC_ESC;CO_MUNICIPIO_PROVA;NO_MUNICIPIO_PROVA;CO_UF_PROVA;SG_UF_PROVA;TP_PRESENCA_CN;TP_PRESENCA_CH;TP_PRESENCA_LC;TP_PRESENCA_MT;CO_PROVA_CN;CO_PROVA_CH;CO_PROVA_LC;CO_PROVA_MT;NU_NOTA_CN;NU_NOTA_CH;NU_NOTA_LC;NU_NOTA_MT;TX_RESPOSTAS_CN;TX_RESPOSTAS_CH;TX_RESPOSTAS_LC;TX_RESPOSTAS_MT;TP_LINGUA;TX_GABARITO_CN;TX_GABARITO_CH;TX_GABARITO_LC;TX_GABARITO_MT;TP_STATUS_REDACAO;NU_NOTA_COMP1;NU_NOTA_COMP2;NU_NOTA_COMP3;NU_NOTA_COMP4;NU_NOTA_COMP5;NU_NOTA_REDACAO
549308;2024;33439265.0;3301702.0;Duque de Caxias;33.0;RJ;1.0;1.0;1.0;3301702;Duque de Caxias;33;RJ;1;1;1;1;1421.0;1386.0;1397.0;1409.0;622.7;620.6;626.8;767.8;DACDDEABABEBBCBCECDDDECEDDCCDCDDEBBAADAACEAEB;ACBAADCEDEECCEDADBCDBEBEAEDCBCDDAECADDEBDBECE;BACEACBEDADDEBBDBDBBCCDDBDCAADDDCADEDDCECBECC;CCBEEADAACEEDDDABCABCCCDCCEEDDBADDDECAAEEEDDB;0;DDBDDEBBAAEDECBCEEDCAACDBBCEDBBAEXCCAEAACCAED;ACBCADCEDBAECEDADBADBEBCDADABCDEABCAEDEBBCECE;AACEADACDDCBEDADEEBDDBDBBCEECBDCBADDDCBDEDDCECBECE;CEBCEADBBCEADDDABBABBCCDCCECEDBACADECABEDADCB;1.0;160.0;140.0;160.0;140.0;60.0;660.0
1355404;2024;33439265.0;3301702.0;Duque de Caxias;33.0;RJ;1.0;1.0;1.0;3301702;Duque de Caxias;33;RJ;1;1;1;1;1420.0;1383.0;1395.0;1408.0;399.3;559.3;574.7;493.7;EEADBBABAAECDBABBCDBDBBDBCBCCCBBCABBDBBCBAABC;BBCBABBCEADDDEBBABCECAACEDAEEEEAABADBEACBABDE;CAAAAECBECCDDDBDEDDADBDABBBBDABBDABADBEDACEED;CDCBDCEBCCECCEBCBACBBBBEBCCABBDECBCCCCEBDCDBB;0;CAEDAACCAEEXCBBAEDBBCAACDEDCBCEECAAEDDDEBBDDB;CECEBEBCDBADDEBBABCDCAECEDADBAEABEADCEDADACBC;CAAAECDDDAECBECEDDCBDEDDCECBDCBCEADBBDBDDCBEDADEEB;CECEBEDADCAADECDBBCEBDCCCACABBABBADDDCEADBBCE;1.0;120.0;160.0;120.0;120.0;100.0;620.0
2947806;2024;33439265.0;3301702.0;Duque de Caxias;33.0;RJ;1.0;1.0;1.0;3301702;Duque de Caxias;33;RJ;1;1;1;1;1420.0;1383.0;1395.0;1408.0;546.8;546.9;507.8;579.5;EBAACBCCABADABBDCBADCBECADDABBCCBAECBCDEAABDB;DECDBEBEDBCDEECBABCBBDBEDBCAABEDECADECEADABBC;CEEDEECEECCDDABCEDBCDBBAEBDADBECDBBADBACCBBCA;ADBDABBECCDDCDCCABCBAACAEEDBACADDDBDDCDADCBCD;0;CAEDAACCAEEXCBBAEDBBCAACDEDCBCEECAAEDDDEBBDDB;CECEBEBCDBADDEBBABCDCAECEDADBAEABEADCEDADACBC;CAAAECDDDAECBECEDDCBDEDDCECBDCBCEADBBDBDDCBEDADEEB;CECEBEDADCAADECDBBCEBDCCCACABBABBADDDCEADBBCE;1.0;160.0;160.0;140.0;200.0;140.0;800.0
822950;2024;33439265.0;3301702.0;Duque de Caxias;33.0;RJ;1.0;1.0;1.0;3301702;Duque de Caxias;33;RJ;1;1;1;1;1419.0;1385.0;1398.0;1407.0;530.8;518.3;545.1;620.9;BDEDCDAAADADBEEDCEABECBCEAEDAAAAACEEADBDDDAEE;AADACDDADAECCEADDEDACEEADDEDCBBDACDECBDBEDECD;ECAAECBCDCEECAEDBEEBDDEEDCAEABCBCEBDDDBDDACCB;CEBACDBCDBBBBDEDEACBBCCAECBDCDBBACDAEEDCBDECC;0;BCEAACDEDCAAEDDDEBBDDBECCAEDBBAAACCAEEXCBBCED;CAEDBADBEBCCEDADBAEACBCADCEDEBBEBACECEABCDDAD;EAAACDDCDADDCBDEECEECBDCDADEEBCBEBADBCEBDBDDDDCECB;ABBABBADDDBBCECEADCEBCCCDBADCBEDAECADACDBCECE;1.0;120.0;180.0;140.0;140.0;100.0;680.0
3039787;2024;33439265.0;3301702.0;Duque de Caxias;33.0;RJ;1.0;1.0;1.0;3301702;Duque de Caxias;33;RJ;0;0;0;0;;;;;;;;;;;;;0;;;;;;;;;;;
2711649;2024;33439265.0;3301702.0;Duque de Caxias;33.0;RJ;1.0;1.0;1.0;3301702;Duque de Caxias;33;RJ;1;1;1;1;1419.0;1385.0;1398.0;1407.0;477.0;508.8;538.7;631.6;ADBEDCBCDBECCCEDCBDDAAACCABADABAEABAEABDBCBED;CAEEBCDADBADBDA*EBCBCDCADBCE*CBBDABDCAEBBDEA*;BBACADDCADEECCABCACDDDEEBDCCCABBCDCDADADCAECB;DCBABEACBBDBEBDBADBBBECECDCDBDBDAEEEDEDBCEECB;0;BCEAACDEDCAAEDDDEBBDDBECCAEDBBAAACCAEEXCBBCED;CAEDBADBEBCCEDADBAEACBCADCEDEBBEBACECEABCDDAD;EAAACDDCDADDCBDEECEECBDCDADEEBCBEBADBCEBDBDDDDCECB;ABBABBADDDBBCECEADCEBCCCDBADCBEDAECADACDBCECE;1.0;140.0;100.0;100.0;120.0;40.0;500.0
3504673;2024;33439265.0;3301702.0;Duque de Caxias;33.0;RJ;1.0;1.0;1.0;3302502;Magé;33;RJ;1;1;1;1;1422.0;1384.0;1396.0;1410.0;631.2;538.3;627.3;733.4;ABDADEBDEBBCECDBBCAEBADDAACDDBEABECBEEEDDDCCA;BADCECDBBCADDBBBC.EAAADACCEADBECCACBEBDAEEDCB;AACEADADECBEDADEBEAEDCBEDDCADABDEBCBEACECCDDC;CBCDCEADBCACDECDEDDCBCECCABBBADCBBEBADABBAEDD;0;BBCEDBBAEXCCAEDDBCAEDAACAAEDDDEBBECBCEEDCAACD;DADABCDCECEDEBBBEBCDBADACBCADCEBEADBAECAECEDA;AACEADDDACDADECBBDBEEBDDECCBEDDCADBBDEBCEBDCECEDDC;DBCECEACADABBECBEDADCCDCCABBBCECEBCEADABBADDD;1.0;140.0;160.0;120.0;120.0;140.0;680.0
3290649;2024;33439265.0;3301702.0;Duque de Caxias;33.0;RJ;1.0;1.0;1.0;3301702;Duque de Caxias;33;RJ;1;1;1;1;1420.0;1383.0;1395.0;1408.0;543.3;371.8;466.5;407.4;BAAAEDCCDEBEDCDACBBCCACCBADEBBADCCAABACEDEDCC;DBDAAAACCDADECADDEBDDDCCDDCCADACEADCAEADDBCEB;AAABDCCBDCACCEEDECEAEDDDABCDAACDAABEDBDBEDDDB;BCCCBDADBBEEEAEECAEEBDBCBCDADCBCCAAECCECDAAEC;1;CAEDAACCAEEXCBBAEDBBCAACDEDCBCEECAAEDDDEBBDDB;CECEBEBCDBADDEBBABCDCAECEDADBAEABEADCEDADACBC;CAAAECDDDAECBECEDDCBDEDDCECBDCBCEADBBDBDDCBEDADEEB;CECEBEDADCAADECDBBCEBDCCCACABBABBADDDCEADBBCE;1.0;100.0;120.0;120.0;80.0;40.0;460.0
2812104;2024;33439265.0;3301702.0;Duque de Caxias;33.0;RJ;1.0;1.0;1.0;3301702;Duque de Caxias;33;RJ;1;1;1;1;1420.0;1383.0;1395.0;1408.0;487.5;600.6;585.4;626.5;ECDBEBAEEDA.DADDCDBCDCECBCDCBCBBEEEEDADEEADAA;BECEBEACDCADAEEDBBCEBABCEBABBAEAAEDDEEDCDECCC;CAAAEECDECBDDDBDEDDACAAAEBCCADEBDADDCBDCADDEB;CEBEDEECEDAEECDACCCABBBCDEDDCCABCDDDDEBAAEEBC;0;CAEDAACCAEEXCBBAEDBBCAACDEDCBCEECAAEDDDEBBDDB;CECEBEBCDBADDEBBABCDCAECEDADBAEABEADCEDADACBC;CAAAECDDDAECBECEDDCBDEDDCECBDCBCEADBBDBDDCBEDADEEB;CECEBEDADCAADECDBBCEBDCCCACABBABBADDDCEADBBCE;1.0;120.0;120.0;80.0;100.0;100.0;520.0
680133;2024;33439265.0;3301702.0;Duque de Caxias;33.0;RJ;1.0;1.0;1.0;3301702;Duque de Caxias;33;RJ;1;1;1;1;1419.0;1385.0;1398.0;1407.0;557.9;565.6;564.7;578.6;EDEDEBADBCBADECDEDBCBBECEACDBAEAABCABEDBDCCAE;DAEDEBDABACCEDADEAEADDCADBCBECBECADECBAECABCD;DAADCCBCBCEECCABBDCDADAEBCBECADBDABDADEADEECD;DBABCEABDBEBCBDCECCABDDCBACDBBEDCBAAEDDAACEBC;0;BCEAACDEDCAAEDDDEBBDDBECCAEDBBAAACCAEEXCBBCED;CAEDBADBEBCCEDADBAEACBCADCEDEBBEBACECEABCDDAD;EAAACDDCDADDCBDEECEECBDCDADEEBCBEBADBCEBDBDDDDCECB;ABBABBADDDBBCECEADCEBCCCDBADCBEDAECADACDBCECE;1.0;120.0;120.0;100.0;120.0;60.0;520.0
1241037;2024;33439265.0;3301702.0;Duque de Caxias;33.0;RJ;1.0;1.0;1.0;3304557;Rio de Janeiro;33;RJ;1;1;1;1;1420.0;1383.0;1395.0;1408.0;530.6;615.0;553.3;438.6;ECAAAACCCEACDEBDEBBDEDCEADDCECEDCABDDCCDBBBCA;AEBBBEBCDBADDEABEBCDCEEAEBABBAEAEEACEEAAAACCC;ABAACECBECCCDABDEDDCEDDADBCDADDEDBDDCADADDEEB;CCDBBDDDADDDECACEBEEBABBAEDCBEDCBBBDACCCAABBE;0;CAEDAACCAEEXCBBAEDBBCAACDEDCBCEECAAEDDDEBBDDB;CECEBEBCDBADDEBBABCDCAECEDADBAEABEADCEDADACBC;CAAAECDDDAECBECEDDCBDEDDCECBDCBCEADBBDBDDCBEDADEEB;CECEBEDADCAADECDBBCEBDCCCACABBABBADDDCEADBBCE;1.0;100.0;180.0;120.0;140.0;120.0;660.0
707406;2024;33439265.0;3301702.0;Duque de Caxias;33.0;RJ;1.0;1.0;1.0;3301702;Duque de Caxias;33;RJ;1;1;1;1;1419.0;1385.0;1398.0;1407.0;651.6;640.8;581.2;712.5;BBEBDCAECCAAEBDDECBDBCECCEEDBBDCACCACE.C.CABA;CAEDBADBEBECEDADBAEAAB.........EBDCECEAACDDAD;EAAACDDCDDEECDABABBAADE..CBEE..BCACDADEDDCECB;AB.ABBB.DDAB.EDDADC.BCBBCBEBCDEEADDBCACCBAEDD;0;BCEAACDEDCAAEDDDEBBDDBECCAEDBBAAACCAEEXCBBCED;CAEDBADBEBCCEDADBAEACBCADCEDEBBEBACECEABCDDAD;EAAACDDCDADDCBDEECEECBDCDADEEBCBEBADBCEBDBDDDDCECB;ABBABBADDDBBCECEADCEBCCCDBADCBEDAECADACDBCECE;1.0;160.0;200.0;180.0;200.0;200.0;940.0
3813607;2024;33439265.0;3301702.0;Duque de Caxias;33.0;RJ;1.0;1.0;1.0;3301702;Duque de Caxias;33;RJ;1;1;1;1;1419.0;1385.0;1398.0;1407.0;446.0;603.3;578.0;638.4;ADABDACCBDAADDADBABDCABCACCBBADDEDAEAEBDBDEAB;DCEDBCDBEBDCEDADBAEABEEADAEEDBABCABECBABCDBAD;EAAACDBCBCEECDCACEEAADCEBCBEDDBBCBDDBDBDDCEAB;DBDACDCCADCEACACADCDBCACEBCAEECDACDDBEEBCDECD;0;BCEAACDEDCAAEDDDEBBDDBECCAEDBBAAACCAEEXCBBCED;CAEDBADBEBCCEDADBAEACBCADCEDEBBEBACECEABCDDAD;EAAACDDCDADDCBDEECEECBDCDADEEBCBEBADBCEBDBDDDDCECB;ABBABBADDDBBCECEADCEBCCCDBADCBEDAECADACDBCECE;1.0;160.0;160.0;160.0;100.0;140.0;720.0
1719757;2024;33439265.0;3301702.0;Duque de Caxias;33.0;RJ;1.0;1.0;1.0;3301702;Duque de Caxias;33;RJ;1;1;1;1;1422.0;1384.0;1396.0;1410.0;559.6;624.6;629.3;645.2;BDACEBEDEBACEEDDAEECBCEDAACBDBCBBACECECBEBEED;ACDCACDCECAEEEBBEBEDBADABEEADEEEEACBBECAECEBA;AACEADAAECBBDCEEBDACBCBEDDCDDDBDEBCCBAEECDDDC;ACBEBCEDABBEBCCBEDCACCDCCCDEADBCCBEBAEACAACED;0;BBCEDBBAEXCCAEDDBCAEDAACAAEDDDEBBECBCEEDCAACD;DADABCDCECEDEBBBEBCDBADACBCADCEBEADBAECAECEDA;AACEADDDACDADECBBDBEEBDDECCBEDDCADBBDEBCEBDCECEDDC;DBCECEACADABBECBEDADCCDCCABBBCECEBCEADABBADDD;1.0;140.0;140.0;120.0;120.0;140.0;660.0
3558660;2024;33439265.0;3301702.0;Duque de Caxias;33.0;RJ;1.0;1.0;1.0;3302502;Magé;33;RJ;0;0;0;0;;;;;;;;;;;;;1;;;;;;;;;;;
423319;2024;33439265.0;3301702.0;Duque de Caxias;33.0;RJ;1.0;1.0;1.0;3301702;Duque de Caxias;33;RJ;1;1;1;1;1422.0;1384.0;1396.0;1410.0;596.8;607.8;603.0;679.2;ADCCAEDBECCCA*DBDEBEBAADAAEDCDBADECBDEABDBECC;DADBDCCCECEEADBBEBEDBCDACECADEEEDADBADCBECEED;AACEADBBECBDDAEEBEBCDCBEDDAADCADEBDBBDEDCEDDC;ABCCEEDDDDEEBCACBDAEECDCCACEBEDCCBEDADABAEEED;0;BBCEDBBAEXCCAEDDBCAEDAACAAEDDDEBBECBCEEDCAACD;DADABCDCECEDEBBBEBCDBADACBCADCEBEADBAECAECEDA;AACEADDDACDADECBBDBEEBDDECCBEDDCADBBDEBCEBDCECEDDC;DBCECEACADABBECBEDADCCDCCABBBCECEBCEADABBADDD;1.0;120.0;160.0;120.0;100.0;100.0;600.0
4229493;2024;33439265.0;3301702.0;Duque de Caxias;33.0;RJ;1.0;1.0;1.0;3301702;Duque de Caxias;33;RJ;0;0;0;0;;;;;;;;;;;;;1;;;;;;;;;;;
3443685;2024;33439265.0;3301702.0;Duque de Caxias;33.0;RJ;1.0;1.0;1.0;3301702;Duque de Caxias;33;RJ;1;1;1;1;1421.0;1386.0;1397.0;1409.0;534.9;568.9;562.3;544.6;DDDEAEEBABBAECBBCDDAADDBCBCBCCADABBADDDAEECAD;ACDACCECEEAECEDADCDDBAAAABDABCDCAACADEEABBECE;DACDDCAEDADDEADDCDABCCEBADDDAACDABCEDDCECBECB;ABAACDBBBAABCDAABEDCBABBCABCBBB*DBDCBAEADDACB;0;DDBDDEBBAAEDECBCEEDCAACDBBCEDBBAEXCCAEAACCAED;ACBCADCEDBAECEDADBADBEBCDADABCDEABCAEDEBBCECE;AACEADACDDCBEDADEEBDDBDBBCEECBDCBADDDCBDEDDCECBECE;CEBCEADBBCEADDDABBABBCCDCCECEDBACADECABEDADCB;1.0;120.0;120.0;100.0;120.0;120.0;580.0
3809805;2024;33439265.0;3301702.0;Duque de Caxias;33.0;RJ;1.0;1.0;1.0;3301702;Duque de Caxias;33;RJ;1;1;1;1;1420.0;1383.0;1395.0;1408.0;589.9;562.9;581.2;709.6;EAEDAAECAAEACDAABCBDEADCEADACDACCADBEEDBEBDBB;BECABEACDBDDEEBDABCDBAECCBACEAEEEEADACBCEBAEB;BAAADECBECEDDADDEBDCECDCCBCEBCECDADDEBEDADEEB;BEBEDECACBABBCCDACCEBDCCCABCBCACAAADDBBCDEBDD;0;CAEDAACCAEEXCBBAEDBBCAACDEDCBCEECAAEDDDEBBDDB;CECEBEBCDBADDEBBABCDCAECEDADBAEABEADCEDADACBC;CAAAECDDDAECBECEDDCBDEDDCECBDCBCEADBBDBDDCBEDADEEB;CECEBEDADCAADECDBBCEBDCCCACABBABBADDDCEADBBCE;1.0;140.0;100.0;100.0;100.0;80.0;520.0
495021;2024;33439265.0;3301702.0;Duque de Caxias;33.0;RJ;1.0;1.0;1.0;3301702;Duque de Caxias;33;RJ;1;1;1;1;1420.0;1383.0;1395.0;1408.0;599.7;559.5;544.0;631.1;ECADDABCAEECCBADEEDCDDCCDADBBCECCEABEDEEBCDCD;BECBBBCCABCDBAABBACDCEBCEDAAEACCCCADAECADABEC;AAADAECBECBDDABDEBBAAAEBEBDCBBAEDADEABEDABCEB;EABBADDBACABDECBBCCBABCBAECBDDACCACEDDBADCBBC;0;CAEDAACCAEEXCBBAEDBBCAACDEDCBCEECAAEDDDEBBDDB;CECEBEBCDBADDEBBABCDCAECEDADBAEABEADCEDADACBC;CAAAECDDDAECBECEDDCBDEDDCECBDCBCEADBBDBDDCBEDADEEB;CECEBEDADCAADECDBBCEBDCCCACABBABBADDDCEADBBCE;1.0;120.0;100.0;80.0;120.0;140.0;560.0
1112760;2024;33439265.0;3301702.0;Duque de Caxias;33.0;RJ;1.0;1.0;1.0;3301702;Duque de Caxias;33;RJ;1;1;1;1;1420.0;1383.0;1395.0;1408.0;497.2;286.8;561.6;471.3;DCEDCBDEBAECCBDEBCBCCABDCEBBADEBEADCEDBBDBCAD;CCBDAECDBADCEBADCBDAEDCABCDECDCCBEDCADCBACDDA;CCCECDCBDCCDDDBDEDDBDABCCBDEDDCBDADABBADADEEA;BDBBDBBCCDEADEDCDACBADBCEEDBAEDBCBCEADBBAEBCD;1;CAEDAACCAEEXCBBAEDBBCAACDEDCBCEECAAEDDDEBBDDB;CECEBEBCDBADDEBBABCDCAECEDADBAEABEADCEDADACBC;CAAAECDDDAECBECEDDCBDEDDCECBDCBCEADBBDBDDCBEDADEEB;CECEBEDADCAADECDBBCEBDCCCACABBABBADDDCEADBBCE;1.0;160.0;200.0;180.0;200.0;200.0;940.0
2769354;2024;33439265.0;3301702.0;Duque de Caxias;33.0;RJ;1.0;1.0;1.0;3301702;Duque de Caxias;33;RJ;1;1;1;1;1422.0;1384.0;1396.0;1410.0;557.0;590.3;568.7;634.4;DCDBCBAAEBDCAEDACECDAADBBCCEDDEBBACBDBAADEDCB;BADBBCBAECBDEABBEBCADCDACEAADECEEACBABDADCEDA;ABCCADADECCDDBEEBDAADBBCDDADACBEEBDCBDCECCDDA;ABCEBDEBEBDBEABCDAEBAEDCCAACBBACDADEAAABEBCBD;0;BBCEDBBAEXCCAEDDBCAEDAACAAEDDDEBBECBCEEDCAACD;DADABCDCECEDEBBBEBCDBADACBCADCEBEADBAECAECEDA;AACEADDDACDADECBBDBEEBDDECCBEDDCADBBDEBCEBDCECEDDC;DBCECEACADABBECBEDADCCDCCABBBCECEBCEADABBADDD;1.0;120.0;120.0;100.0;80.0;120.0;540.0
1221894;2024;33439265.0;3301702.0;Duque de Caxias;33.0;RJ;1.0;1.0;1.0;3301702;Duque de Caxias;33;RJ;1;1;1;1;1422.0;1384.0;1396.0;1410.0;492.4;337.7;552.5;379.3;ACDBBEAAEDBCAEDCBBCADCCCBBBEEDABCBCABBDBBCDEA;CB*AECABE*EDBEDBEABABCDBAC*BEB...............;ABCBACADECCBDAEEBDEABDDEDDEDEAEDEBDADCBECACBC;AEEABEEDEBDBACDABCEEBCDAEBCDCEABCDECDACDACDBE;0;BBCEDBBAEXCCAEDDBCAEDAACAAEDDDEBBECBCEEDCAACD;DADABCDCECEDEBBBEBCDBADACBCADCEBEADBAECAECEDA;AACEADDDACDADECBBDBEEBDDECCBEDDCADBBDEBCEBDCECEDDC;DBCECEACADABBECBEDADCCDCCABBBCECEBCEADABBADDD;1.0;160.0;120.0;120.0;120.0;120.0;640.0
922630;2024;33439265.0;3301702.0;Duque de Caxias;33.0;RJ;1.0;1.0;1.0;3301702;Duque de Caxias;33;RJ;1;1;1;1;1421.0;1386.0;1397.0;1409.0;567.9;500.0;582.7;634.1;AABDDDBBCCDEBCDDEBDAEACDDBAECCCDDBBAAEAABEAED;ACDCAECEBDADACDADECDEBEECDDAAADEABCDAACCDBCCB;BACAACBEDAD*EBDDCDDBDAAABAEADDDDCBCEDDAECBECC;CCBACEBCBCCBECDDCCCABDCDCCECCDBADBEEDECADBD*C;0;DDBDDEBBAAEDECBCEEDCAACDBBCEDBBAEXCCAEAACCAED;ACBCADCEDBAECEDADBADBEBCDADABCDEABCAEDEBBCECE;AACEADACDDCBEDADEEBDDBDBBCEECBDCBADDDCBDEDDCECBECE;CEBCEADBBCEADDDABBABBCCDCCECEDBACADECABEDADCB;1.0;120.0;120.0;120.0;120.0;80.0;560.0
3425455;2024;33439265.0;3301702.0;Duque de Caxias;33.0;RJ;1.0;1.0;1.0;3301702;Duque de Caxias;33;RJ;1;1;1;1;1419.0;1385.0;1398.0;1407.0;586.8;560.7;562.2;474.9;BAEEDCBDADBBEBDDAEDDBACEEAEDBBAEBCCAEEDABDBCC;BAAEBDDCBBCCEEACEAEBCBAADEDDEDBBAAAECDABCDAED;BDCDCCDADDEECADAACEDADEDCCBEBABBDABEBDDDDAECB;DCCAEDBDBBBCBCDCDAADBBCAEBBDECCDDDAAEACBDDCAC;1;BCEAACDEDCAAEDDDEBBDDBECCAEDBBAAACCAEEXCBBCED;CAEDBADBEBCCEDADBAEACBCADCEDEBBEBACECEABCDDAD;EAAACDDCDADDCBDEECEECBDCDADEEBCBEBADBCEBDBDDDDCECB;ABBABBADDDBBCECEADCEBCCCDBADCBEDAECADACDBCECE;1.0;120.0;160.0;100.0;120.0;100.0;600.0
3681724;2024;33439265.0;3301702.0;Duque de Caxias;33.0;RJ;1.0;1.0;1.0;3304557;Rio de Janeiro;33;RJ;1;1;1;1;1419.0;1385.0;1398.0;1407.0;490.5;380.8;545.7;441.5;ABEAECBCABCDCDCBECADCABCCAEBCADAADEDBAAAADBEC;DAAECCCCDAECDDBCAEACBEBACBCBAADDCCACEDBCBDECD;DAABCBDCACEECCEADBEDADEEBEAECADBCBBEAAADDACDE;DBCDBCCDDBCEDCDDDCEBBDACCDABABDBEECDCEBBAAEDC;0;BCEAACDEDCAAEDDDEBBDDBECCAEDBBAAACCAEEXCBBCED;CAEDBADBEBCCEDADBAEACBCADCEDEBBEBACECEABCDDAD;EAAACDDCDADDCBDEECEECBDCDADEEBCBEBADBCEBDBDDDDCECB;ABBABBADDDBBCECEADCEBCCCDBADCBEDAECADACDBCECE;1.0;80.0;100.0;80.0;120.0;0.0;380.0
3080074;2024;33439265.0;3301702.0;Duque de Caxias;33.0;RJ;1.0;1.0;1.0;3304557;Rio de Janeiro;33;RJ;1;1;1;1;1420.0;1383.0;1395.0;1408.0;498.1;557.0;445.1;527.4;ECCBEACCCDEBBCACCEDBCBDCDDBCADCCDCCBDCDEDBDCA;BECABCAEACCDDEDBDECDCBBCECBEEAEAEDADEAAADADDC;ADADCECCECCDDDCDDBCCABAADCDBEEACCABDCEBCAAABD;CEDCCCDDACECEBCCCDCDACCCBEDDCCBDBCCDCCBAAEDCC;0;CAEDAACCAEEXCBBAEDBBCAACDEDCBCEECAAEDDDEBBDDB;CECEBEBCDBADDEBBABCDCAECEDADBAEABEADCEDADACBC;CAAAECDDDAECBECEDDCBDEDDCECBDCBCEADBBDBDDCBEDADEEB;CECEBEDADCAADECDBBCEBDCCCACABBABBADDDCEADBBCE;1.0;160.0;140.0;160.0;140.0;0.0;600.0
1751663;2024;33439265.0;3301702.0;Duque de Caxias;33.0;RJ;1.0;1.0;1.0;3301702;Duque de Caxias;33;RJ;1;1;1;1;1423.0;1387.0;1399.0;1411.0;546.9;579.7;606.6;564.9;ADADCEADCCCEACACEEBBABECADCBAABBEBDEBECACEAEB;ABECADDEC*ACCEDADBCBBDBEDABDECDEAEAACDEBDAECA;BACEACBECADEEBDABDABCDDDCDCDEDDDCBDEDDDECBECB;CCEDDABEBAEBEEAADCBCBDAEEBEDBCBADBECACEBECBEB;0;DDBDDEBBAAEDECBCEEDCAACDBBCEDBBAEXCCAEAACCAED;ACBCADCEDBAECEDADBADBEBCDADABCDEABCAEDEBBCECE;AACEADACDDCBEDADEEBDDBDBBCEECBDCBADDDCBDEDDCECBECE;CEBCEADBBCEADDDABBABBCCDCCECEDBACADECABEDADCB;1.0;100.0;120.0;100.0;120.0;80.0;520.0
1396811;2024;33439265.0;3301702.0;Duque de Caxias;33.0;RJ;1.0;1.0;1.0;3301702;Duque de Caxias;33;RJ;1;1;1;1;1420.0;1383.0;1395.0;1408.0;534.0;630.8;604.0;672.4;EDCDCEAEEEABBDAECEBCBBCCDEBDBABEAADEDDDEADDBC;CEBEBEBADCADBEBDCBCECAECEBACAEEAEEACEEDADABDC;CDDDAECBECCDDCADECBCEBBAEBD.DBEBDDDCCBEDADEEB;DBCBBEDCAAABECCCBBCEBBCCBEBDBDABAABBDCDAEDBCA;1;CAEDAACCAEEXCBBAEDBBCAACDEDCBCEECAAEDDDEBBDDB;CECEBEBCDBADDEBBABCDCAECEDADBAEABEADCEDADACBC;CAAAECDDDAECBECEDDCBDEDDCECBDCBCEADBBDBDDCBEDADEEB;CECEBEDADCAADECDBBCEBDCCCACABBABBADDDCEADBBCE;1.0;120.0;160.0;120.0;120.0;80.0;600.0
343126;2024;33439265.0;3301702.0;Duque de Caxias;33.0;RJ;1.0;1.0;1.0;3301702;Duque de Caxias;33;RJ;0;0;0;0;;;;;;;;;;;;;0;;;;;;;;;;;
1673007;2024;33439265.0;3301702.0;Duque de Caxias;33.0;RJ;1.0;1.0;1.0;3301702;Duque de Caxias;33;RJ;1;1;1;1;1421.0;1386.0;1397.0;1409.0;630.6;613.8;596.9;687.5;DDCD.EABAACDECEAEEBDAECEBAEEDDBAEBCCAEABDEDEB;ACBAAEEECEABCCDADBADBECEAADCBCDEAECAEEEEBCECA;AACEACBEDADDEBDBEEBDCBBBBACADBBDCBDEDDEECBECC;CEBCDCDABCEACDDCBB.BBACDCDCBDDDBCEBDADBBCDDBA;0;DDBDDEBBAAEDECBCEEDCAACDBBCEDBBAEXCCAEAACCAED;ACBCADCEDBAECEDADBADBEBCDADABCDEABCAEDEBBCECE;AACEADACDDCBEDADEEBDDBDBBCEECBDCBADDDCBDEDDCECBECE;CEBCEADBBCEADDDABBABBCCDCCECEDBACADECABEDADCB;1.0;120.0;120.0;100.0;140.0;120.0;600.0
3474857;2024;33439265.0;3301702.0;Duque de Caxias;33.0;RJ;1.0;1.0;1.0;3302007;Itaguaí;33;RJ;1;1;1;1;1421.0;1386.0;1397.0;1409.0;620.6;545.4;538.5;671.6;DBBDDEAAABDEBCECECBAADEBCBDEDBAEEBCCADDACADED;ABEAADECCDACCCBADBCDBB*CBCDBECDCAECABCEADBECB;BACCBEBABADEECCDBECEABDCCBEBEECABCDEDDCECBECE;CDBADADDBDEACEDABCEDDCCCEDECDCDDCDAEBACDEDECA;0;DDBDDEBBAAEDECBCEEDCAACDBBCEDBBAEXCCAEAACCAED;ACBCADCEDBAECEDADBADBEBCDADABCDEABCAEDEBBCECE;AACEADACDDCBEDADEEBDDBDBBCEECBDCBADDDCBDEDDCECBECE;CEBCEADBBCEADDDABBABBCCDCCECEDBACADECABEDADCB;1.0;120.0;180.0;160.0;160.0;140.0;760.0
384270;2024;33439265.0;3301702.0;Duque de Caxias;33.0;RJ;1.0;1.0;1.0;3301702;Duque de Caxias;33;RJ;1;1;1;1;1419.0;1385.0;1398.0;1407.0;608.2;408.0;353.6;572.5;BDEDECBDBEAACDCBEDBDBCBBECEEDBBAACCEEEBDDDDBD;BAEBCEABCDDAAEBBCADEBDCBEBBADCCABABECDBBEBACE;EABADBCBEEABCDACBDBDEEBBACECBCADADBBCDEBABCDD;DBBACCBADDDDEBCBDBCBBDABDABADCDBEBDCCDCBDBEDB;0;BCEAACDEDCAAEDDDEBBDDBECCAEDBBAAACCAEEXCBBCED;CAEDBADBEBCCEDADBAEACBCADCEDEBBEBACECEABCDDAD;EAAACDDCDADDCBDEECEECBDCDADEEBCBEBADBCEBDBDDDDCECB;ABBABBADDDBBCECEADCEBCCCDBADCBEDAECADACDBCECE;1.0;120.0;140.0;120.0;160.0;160.0;700.0
2620852;2024;33439265.0;3301702.0;Duque de Caxias;33.0;RJ;1.0;1.0;1.0;3301702;Duque de Caxias;33;RJ;1;1;1;1;1420.0;1383.0;1395.0;1408.0;579.9;602.3;565.5;416.3;EBEBCCCDAEECCDBDEEBABAECBDBEBCEBCACCDCCEDDDBC;BECBBEBCABADBEBDABCDAAECEDACBABAEBACEEDCDADEA;CAAAAECDECEDDABAEDDBABEBEBEADECDDADEBBEDADEEE;ECBCBCDBECADBCBBCEDCABCEBBCDABBCACBDABBCBDCBC;0;CAEDAACCAEEXCBBAEDBBCAACDEDCBCEECAAEDDDEBBDDB;CECEBEBCDBADDEBBABCDCAECEDADBAEABEADCEDADACBC;CAAAECDDDAECBECEDDCBDEDDCECBDCBCEADBBDBDDCBEDADEEB;CECEBEDADCAADECDBBCEBDCCCACABBABBADDDCEADBBCE;1.0;120.0;120.0;100.0;120.0;100.0;560.0
322699;2024;33439265.0;3301702.0;Duque de Caxias;33.0;RJ;1.0;1.0;1.0;3300456;Belford Roxo;33;RJ;1;1;1;1;1419.0;1385.0;1398.0;1407.0;628.3;579.6;577.4;400.5;DCEACCADBEABBEDAEBADDBCCDAADCBBEACAADEDCCDAED;BAADBADCEBECEDAAEAEAAEAADEDDEBBCAABECBEECDAAB;CAAACABCBEEECEDDBADDBBCEBCBEBDDBDABEDDDDDCECB;DCDDCDCCDABCDBDBEEBDACCBBADCBAADCDBDCEDBAADCC;0;BCEAACDEDCAAEDDDEBBDDBECCAEDBBAAACCAEEXCBBCED;CAEDBADBEBCCEDADBAEACBCADCEDEBBEBACECEABCDDAD;EAAACDDCDADDCBDEECEECBDCDADEEBCBEBADBCEBDBDDDDCECB;ABBABBADDDBBCECEADCEBCCCDBADCBEDAECADACDBCECE;1.0;160.0;200.0;140.0;180.0;120.0;800.0
1692467;2024;33439265.0;3301702.0;Duque de Caxias;33.0;RJ;1.0;1.0;1.0;3302502;Magé;33;RJ;1;1;1;1;1420.0;1383.0;1395.0;1408.0;510.8;583.9;595.3;678.1;DABEADAECEEDDEAABEDCABECADBCBDBDCCBBEEDC.ADBA;CECAABACDCADDEABBACDCAECCBAAEAEAEEABAEDEDABCC;CBAADECBECEDDDBDEDBBBBBCCBCAAAACDBBBCBEDADEEB;DEACBEEAACEEDCABBCCCBECECADDBBABCECADBBAADBCB;0;CAEDAACCAEEXCBBAEDBBCAACDEDCBCEECAAEDDDEBBDDB;CECEBEBCDBADDEBBABCDCAECEDADBAEABEADCEDADACBC;CAAAECDDDAECBECEDDCBDEDDCECBDCBCEADBBDBDDCBEDADEEB;CECEBEDADCAADECDBBCEBDCCCACABBABBADDDCEADBBCE;1.0;160.0;200.0;180.0;160.0;160.0;860.0
3314751;2024;33439265.0;3301702.0;Duque de Caxias;33.0;RJ;1.0;1.0;1.0;3301702;Duque de Caxias;33;RJ;1;1;1;1;1419.0;1385.0;1398.0;1407.0;415.5;490.1;549.8;572.2;ECEDEEDDACEAEDCDDBDDAAADECACADBBCDDEAEBBDCEBB;AEAABDAEDCCCEAADEEEBBCAACEECADDEEAAECBABDDBCC;CDDDACDCBCEECEBBAAEAADDEBEDEEAEBDECDDCBDDAECA;BA*ABABCCACADACBEBBABCCBBBDBCDCAEEDBBADABAEDC;1;BCEAACDEDCAAEDDDEBBDDBECCAEDBBAAACCAEEXCBBCED;CAEDBADBEBCCEDADBAEACBCADCEDEBBEBACECEABCDDAD;EAAACDDCDADDCBDEECEECBDCDADEEBCBEBADBCEBDBDDDDCECB;ABBABBADDDBBCECEADCEBCCCDBADCBEDAECADACDBCECE;1.0;120.0;180.0;120.0;180.0;200.0;800.0
1899094;2024;33439265.0;3301702.0;Duque de Caxias;33.0;RJ;1.0;1.0;1.0;3301702;Duque de Caxias;33;RJ;1;1;1;1;1422.0;1384.0;1396.0;1410.0;568.4;576.5;568.8;578.7;BCCACEAAEBDCCEEEBDAEEABDCCCCDDBCBACBCEDBEACED;ADDAECDBECBDEBBBDAEAACDABBEAEEDBEACBAECAECCDA;ACCCDBADEDBBDDCEADDEBCDEDDCDDBBBEBCCDDCECDDDC;BECEBEEDDCDCCDBBCCDBBEBCBABDBCEEBBCDBBEBCBADD;0;BBCEDBBAEXCCAEDDBCAEDAACAAEDDDEBBECBCEEDCAACD;DADABCDCECEDEBBBEBCDBADACBCADCEBEADBAECAECEDA;AACEADDDACDADECBBDBEEBDDECCBEDDCADBBDEBCEBDCECEDDC;DBCECEACADABBECBEDADCCDCCABBBCECEBCEADABBADDD;1.0;160.0;180.0;180.0;180.0;200.0;900.0
2749677;2024;33439265.0;3301702.0;Duque de Caxias;33.0;RJ;1.0;1.0;1.0;3304557;Rio de Janeiro;33;RJ;1;1;1;1;1419.0;1385.0;1398.0;1407.0;505.1;547.9;547.6;480.5;ED*ADDEAEACBDBBCEABDCCECEAEBDBACBDEBEECDADBEB;CABEECABECACBCACAAEACEEADEEDAEDEBABBCDAEADBAD;CBABCDDCEAEECEBABDECBCDEBABAAADBCADDBDADDAECA;AADACBBACBCEEEDDDDBBEAECBAADCBBDEABECECAADDCB;0;BCEAACDEDCAAEDDDEBBDDBECCAEDBBAAACCAEEXCBBCED;CAEDBADBEBCCEDADBAEACBCADCEDEBBEBACECEABCDDAD;EAAACDDCDADDCBDEECEECBDCDADEEBCBEBADBCEBDBDDDDCECB;ABBABBADDDBBCECEADCEBCCCDBADCBEDAECADACDBCECE;1.0;80.0;120.0;80.0;80.0;40.0;400.0
157600;2024;33439265.0;3301702.0;Duque de Caxias;33.0;RJ;1.0;1.0;1.0;3301702;Duque de Caxias;33;RJ;1;1;1;1;1420.0;1383.0;1395.0;1408.0;553.4;612.3;620.7;640.6;EAABEBCCEEEBACDDDDBDADBCDEDCEABBCCDEBDBAAADAD;CECEBEBCEBCDEAABDBCDAAACEBACBAEAEEAEEEAADACCE;CAABEECBECEDDCBDEDECABBDEBCADECBDBDACBEDADEEB;CEBBADEDBBCBCCECCACBBDCCCEAEBDABEDEBDADDDCBAC;0;CAEDAACCAEEXCBBAEDBBCAACDEDCBCEECAAEDDDEBBDDB;CECEBEBCDBADDEBBABCDCAECEDADBAEABEADCEDADACBC;CAAAECDDDAECBECEDDCBDEDDCECBDCBCEADBBDBDDCBEDADEEB;CECEBEDADCAADECDBBCEBDCCCACABBABBADDDCEADBBCE;1.0;160.0;200.0;160.0;200.0;200.0;920.0
3075792;2024;33439265.0;3301702.0;Duque de Caxias;33.0;RJ;1.0;1.0;1.0;3301702;Duque de Caxias;33;RJ;1;1;1;1;1422.0;1384.0;1396.0;1410.0;595.3;436.4;527.8;677.2;EBCDDBBCEDBCABCDCEEEEEABDCCEADEDBECBCEDBDACCB;BCDDBCBABBAACEDECBEACBDADEBBAACECACBEACADCABB;AADCADADECBEEDDEBDDDABAEDDAEDDBBEBDBDEBDDCBAB;BACEBCBEECABDBCDEBADCDECDABCADBCCBBDADACBCEDD;0;BBCEDBBAEXCCAEDDBCAEDAACAAEDDDEBBECBCEEDCAACD;DADABCDCECEDEBBBEBCDBADACBCADCEBEADBAECAECEDA;AACEADDDACDADECBBDBEEBDDECCBEDDCADBBDEBCEBDCECEDDC;DBCECEACADABBECBEDADCCDCCABBBCECEBCEADABBADDD;1.0;160.0;200.0;180.0;180.0;160.0;880.0
1334265;2024;33439265.0;3301702.0;Duque de Caxias;33.0;RJ;1.0;1.0;1.0;3301702;Duque de Caxias;33;RJ;1;1;1;1;1421.0;1386.0;1397.0;1409.0;523.3;628.3;591.7;592.0;DDBECEABBDCDDCEEBCDBDECABCADEABCDDBECDCDCDBCB;AEBEADEECDAECCDDDBBDBEBBDADAACCEAEEAEDEBBCECE;AACDBCBEDADEEBDDBDBBCEBDECDDCBDDCADEDDDECBECC;CDECCABCBDDDDDBEBDDEDEBDEDEAECAADACECAAEDBDBE;0;DDBDDEBBAAEDECBCEEDCAACDBBCEDBBAEXCCAEAACCAED;ACBCADCEDBAECEDADBADBEBCDADABCDEABCAEDEBBCECE;AACEADACDDCBEDADEEBDDBDBBCEECBDCBADDDCBDEDDCECBECE;CEBCEADBBCEADDDABBABBCCDCCECEDBACADECABEDADCB;1.0;160.0;200.0;160.0;160.0;180.0;860.0
822446;2024;33439265.0;3301702.0;Duque de Caxias;33.0;RJ;1.0;1.0;1.0;3301702;Duque de Caxias;33;RJ;1;1;1;1;1419.0;1385.0;1398.0;1407.0;561.5;571.4;577.6;642.7;EEEDDCAECAAABBEEEACDCCAACDECAECAECCCBDCBBCCBC;CBEDCCDBEBCDABABDCEABDEBDBBBBBBEEAAECBABCADCD;DDAEDDACBDEECBADDABDBDEEBCBEADABDCEDBDBDDBECB;DBBACCBBDDEBBCCBABCCBACDCCCACCCDADCBBEEBCCEBB;1;BCEAACDEDCAAEDDDEBBDDBECCAEDBBAAACCAEEXCBBCED;CAEDBADBEBCCEDADBAEACBCADCEDEBBEBACECEABCDDAD;EAAACDDCDADDCBDEECEECBDCDADEEBCBEBADBCEBDBDDDDCECB;ABBABBADDDBBCECEADCEBCCCDBADCBEDAECADACDBCECE;1.0;120.0;120.0;140.0;120.0;80.0;580.0
2499697;2024;33439265.0;3301702.0;Duque de Caxias;33.0;RJ;1.0;1.0;1.0;3301702;Duque de Caxias;33;RJ;1;1;1;1;1421.0;1386.0;1397.0;1409.0;598.5;575.2;607.2;646.1;DBBEDEEDAACCACDDEBDBEECBBADBCDEAECBCBEAADEAEB;ADEDADAEBEACCEDBDBCDEEBEACDAACDEAECBCBDBBDECC;AACCACBEDAAEEBDBEDABCEACBDCCDDADCADEDDAECDECE;CBBEBACBBBCECDDABEBACEEBBCEBABECCABBDACEDDEDE;0;DDBDDEBBAAEDECBCEEDCAACDBBCEDBBAEXCCAEAACCAED;ACBCADCEDBAECEDADBADBEBCDADABCDEABCAEDEBBCECE;AACEADACDDCBEDADEEBDDBDBBCEECBDCBADDDCBDEDDCECBECE;CEBCEADBBCEADDDABBABBCCDCCECEDBACADECABEDADCB;1.0;140.0;120.0;120.0;120.0;80.0;580.0
2811588;2024;33439265.0;3301702.0;Duque de Caxias;33.0;RJ;1.0;1.0;1.0;3301702;Duque de Caxias;33;RJ;1;1;1;1;1421.0;1386.0;1397.0;1409.0;673.4;727.1;634.5;624.4;DDBDBEBBACCDECBCEDBDBECBBCDEDABAEBCCCEAACECED;ACBCADEECDAECEEADBADBEBCDADABCDEABCAEDEBBCECE;AACEDCDEDADEEBECCDBBCBECBAEBADCDCBDEDDCECBECA;CCBDDACEBACAAEAACAACDCADCEECCCDADBABEACDEBEAE;0;DDBDDEBBAAEDECBCEEDCAACDBBCEDBBAEXCCAEAACCAED;ACBCADCEDBAECEDADBADBEBCDADABCDEABCAEDEBBCECE;AACEADACDDCBEDADEEBDDBDBBCEECBDCBADDDCBDEDDCECBECE;CEBCEADBBCEADDDABBABBCCDCCECEDBACADECABEDADCB;1.0;140.0;160.0;140.0;120.0;160.0;720.0
2883876;2024;33439265.0;3301702.0;Duque de Caxias;33.0;RJ;1.0;1.0;1.0;3301702;Duque de Caxias;33;RJ;1;1;1;1;1420.0;1383.0;1395.0;1408.0;572.8;461.6;575.7;670.6;BEEBCADCACEDDCBDDCDBCDDEBDEDBEEECCCCDEDAABDDC;ADBBCCADBDDDDEABAECBCAECDABECACAEDBADEACBEBCE;CBADEECBECDDDCBDEDBCBBBBECDADAEBDDDBCEEDADCEB;BECEADEEACACDBEBDCCEBECACBCABBACBEDADEDDDEBAB;0;CAEDAACCAEEXCBBAEDBBCAACDEDCBCEECAAEDDDEBBDDB;CECEBEBCDBADDEBBABCDCAECEDADBAEABEADCEDADACBC;CAAAECDDDAECBECEDDCBDEDDCECBDCBCEADBBDBDDCBEDADEEB;CECEBEDADCAADECDBBCEBDCCCACABBABBADDDCEADBBCE;1.0;80.0;160.0;80.0;120.0;60.0;500.0
3528217;2024;33439265.0;3301702.0;Duque de Caxias;33.0;RJ;1.0;1.0;1.0;3301702;Duque de Caxias;33;RJ;1;1;1;1;1419.0;1385.0;1398.0;1407.0;580.3;460.9;542.9;694.0;BAEAECDAACABEDADBBEBBCDCBAEDDACAACEADBBCDCEAE;DBCDBCDECCCDEBABDAEBADAECBEDCCADEAABEBBEDBECD;EAABCDBCDEEECDBACACDADCEBCAECAABDCCDBDACEDDCB;DBBABDABDDCBADBBADCEBCEBCBABBCDEACBDABCEADECE;0;BCEAACDEDCAAEDDDEBBDDBECCAEDBBAAACCAEEXCBBCED;CAEDBADBEBCCEDADBAEACBCADCEDEBBEBACECEABCDDAD;EAAACDDCDADDCBDEECEECBDCDADEEBCBEBADBCEBDBDDDDCECB;ABBABBADDDBBCECEADCEBCCCDBADCBEDAECADACDBCECE;1.0;120.0;140.0;120.0;140.0;100.0;620.0
475503;2024;33439265.0;3301702.0;Duque de Caxias;33.0;RJ;1.0;1.0;1.0;3301702;Duque de Caxias;33;RJ;1;1;1;1;1421.0;1386.0;1397.0;1409.0;572.2;564.7;588.3;539.4;DDAAEBBDBACCECBAECDDBDDBBEACDEDDECDAEDAACAAAE;ABCCDCEEAAEECCDAEBBDBBBEDADCBCEBACCABEBBBCDCB;EACEBEBECADCEBADBDABDEBDBACBABDDCBDEDDDECBECE;CEBCCEDEBCCBCABAAEEAAEBDEDCBEEEEDACBCCBCEBACA;0;DDBDDEBBAAEDECBCEEDCAACDBBCEDBBAEXCCAEAACCAED;ACBCADCEDBAECEDADBADBEBCDADABCDEABCAEDEBBCECE;AACEADACDDCBEDADEEBDDBDBBCEECBDCBADDDCBDEDDCECBECE;CEBCEADBBCEADDDABBABBCCDCCECEDBACADECABEDADCB;1.0;120.0;200.0;120.0;120.0;120.0;680.0
183672;2024;33439265.0;3301702.0;Duque de Caxias;33.0;RJ;1.0;1.0;1.0;3301702;Duque de Caxias;33;RJ;1;1;1;1;1421.0;1386.0;1397.0;1409.0;484.2;512.2;520.7;438.0;DECCEEDDAECCECAEECCCEEDCBBDCABDCEDDEECCAECAAE;ABECACAEABAEDCAEDCDDBCACAEDADCBCAEDACCBADABCA;AAECACBBDDADEBDDDDABEEEBDADBBBBCBADEDDADCBEDD;CDADDDECECCECCACCECCBCDABDBDEAAEDDCADADEBCBCB;0;DDBDDEBBAAEDECBCEEDCAACDBBCEDBBAEXCCAEAACCAED;ACBCADCEDBAECEDADBADBEBCDADABCDEABCAEDEBBCECE;AACEADACDDCBEDADEEBDDBDBBCEECBDCBADDDCBDEDDCECBECE;CEBCEADBBCEADDDABBABBCCDCCECEDBACADECABEDADCB;1.0;140.0;180.0;140.0;160.0;160.0;780.0
4221614;2024;33439265.0;3301702.0;Duque de Caxias;33.0;RJ;1.0;1.0;1.0;3304557;Rio de Janeiro;33;RJ;0;0;0;0;;;;;;;;;;;;;1;;;;;;;;;;;
2580936;2024;33439265.0;3301702.0;Duque de Caxias;33.0;RJ;1.0;1.0;1.0;3301702;Duque de Caxias;33;RJ;1;1;1;1;1422.0;1384.0;1396.0;1410.0;474.7;448.4;503.7;380.4;BCAEBAAECDDBCEDCBACEBCDEBEBCEBCDBECADCBEBACBD;ACDBECABACECBCDCDACBDCDABDBAEEBCACDBCEADBCDCB;DCEABDADBDBBDEDEBDBCDBCEDEBCEBACEADCECDECBCAB;BCEBCBEDCBBCADBCEBADBBDADBEBDEBDCEBDCACEBDECA;1;BBCEDBBAEXCCAEDDBCAEDAACAAEDDDEBBECBCEEDCAACD;DADABCDCECEDEBBBEBCDBADACBCADCEBEADBAECAECEDA;AACEADDDACDADECBBDBEEBDDECCBEDDCADBBDEBCEBDCECEDDC;DBCECEACADABBECBEDADCCDCCABBBCECEBCEADABBADDD;1.0;140.0;120.0;120.0;100.0;0.0;480.0
3640795;2024;33439265.0;3301702.0;Duque de Caxias;33.0;RJ;1.0;1.0;1.0;3301702;Duque de Caxias;33;RJ;1;1;1;1;1421.0;1386.0;1397.0;1409.0;545.6;585.8;599.8;663.3;DEBCDEDBCBCDECBACADCDEECADBEECDDABCEAEBBCEBDD;ADCAACBEDEAECEDABBCDBEBBACDCECDEAEAADEBCDCECB;AACEACBEBADEEBDACDABDAEDDDDCEDBDCBDEDDAECCECD;CBBABADABEDCDDDABDBCBEDBCBECDBACBEAECACBDEDCB;0;DDBDDEBBAAEDECBCEEDCAACDBBCEDBBAEXCCAEAACCAED;ACBCADCEDBAECEDADBADBEBCDADABCDEABCAEDEBBCECE;AACEADACDDCBEDADEEBDDBDBBCEECBDCBADDDCBDEDDCECBECE;CEBCEADBBCEADDDABBABBCCDCCECEDBACADECABEDADCB;1.0;180.0;200.0;180.0;200.0;160.0;920.0
1231224;2024;33439265.0;3301702.0;Duque de Caxias;33.0;RJ;1.0;1.0;1.0;3301702;Duque de Caxias;33;RJ;1;1;1;1;1422.0;1384.0;1396.0;1410.0;498.0;588.3;584.7;648.3;CDCCEBDAAEBECDDBBECDDCADDBADABEEBCCDDEABBEDCB;DCDCACEBEDBAEBBAEACDBCDACEAADEEEEABBAEBAACEDA;AACEBDADECBDDBDEBDDBBCCEDDACBDBCEBCEBACECDBDA;CCCEBCADBADCABCAACCCEBBCEAACBBACBBDBAAACAACDD;0;BBCEDBBAEXCCAEDDBCAEDAACAAEDDDEBBECBCEEDCAACD;DADABCDCECEDEBBBEBCDBADACBCADCEBEADBAECAECEDA;AACEADDDACDADECBBDBEEBDDECCBEDDCADBBDEBCEBDCECEDDC;DBCECEACADABBECBEDADCCDCCABBBCECEBCEADABBADDD;1.0;160.0;200.0;160.0;180.0;200.0;900.0
37128;2024;33439265.0;3301702.0;Duque de Caxias;33.0;RJ;1.0;1.0;1.0;3304557;Rio de Janeiro;33;RJ;1;1;1;1;1419.0;1385.0;1398.0;1407.0;593.3;578.6;638.3;710.6;BAEDECBBDECEEDCCEBBDABBCEAEDBDACABCEDABDDDCBB;CADDECDBCBCCECADEADADBEACEBCEBBEAACECBAECDBCD;DDCAADDCBDEECCEBBDEDADEEBCBEBABBCEBDCDBDDAECB;ECBABCADEDBBADBDADCABCCCDCDDEBDEDEDBAACCBCEDB;1;BCEAACDEDCAAEDDDEBBDDBECCAEDBBAAACCAEEXCBBCED;CAEDBADBEBCCEDADBAEACBCADCEDEBBEBACECEABCDDAD;EAAACDDCDADDCBDEECEECBDCDADEEBCBEBADBCEBDBDDDDCECB;ABBABBADDDBBCECEADCEBCCCDBADCBEDAECADACDBCECE;1.0;160.0;200.0;180.0;200.0;200.0;940.0
3006263;2024;33439265.0;3301702.0;Duque de Caxias;33.0;RJ;1.0;1.0;1.0;3301702;Duque de Caxias;33;RJ;1;1;1;1;1419.0;1385.0;1398.0;1407.0;633.2;644.5;670.5;710.6;BAEDECBEECAACBDBEEBDABDCECEDABAADCDCEECCDBDBD;EAEDBADAEBECEDACEAEABBCACEEDEBBCCACECEDBCDDAD;EAAACDDDBDEECCECBAEDADEEBCBEDADBCECDBBDDDCECB;ECBABAAEEDBBCDDCADCCBCACDCECCCEDACDEDCCBBCACB;0;BCEAACDEDCAAEDDDEBBDDBECCAEDBBAAACCAEEXCBBCED;CAEDBADBEBCCEDADBAEACBCADCEDEBBEBACECEABCDDAD;EAAACDDCDADDCBDEECEECBDCDADEEBCBEBADBCEBDBDDDDCECB;ABBABBADDDBBCECEADCEBCCCDBADCBEDAECADACDBCECE;1.0;160.0;140.0;120.0;140.0;160.0;720.0
2558185;2024;33439265.0;3301702.0;Duque de Caxias;33.0;RJ;1.0;1.0;1.0;3305109;São João de Meriti;33;RJ;1;1;1;1;1420.0;1383.0;1395.0;1408.0;399.6;346.8;540.8;411.2;DAACBDEEAEDCDAABCAACBBCDCDAEACDACCCEDECEDCDAA;BACBCECAEDBDEBACEBCEDACBCBBACDEBCACDCABDBCEDA;CBEABECBEAEDDAACECBCABCCDBCDBCACDADBABECADEEB;DBCEDBBDBCDACEBCBDACEACEABDCEBCABACECAABDCEDC;1;CAEDAACCAEEXCBBAEDBBCAACDEDCBCEECAAEDDDEBBDDB;CECEBEBCDBADDEBBABCDCAECEDADBAEABEADCEDADACBC;CAAAECDDDAECBECEDDCBDEDDCECBDCBCEADBBDBDDCBEDADEEB;CECEBEDADCAADECDBBCEBDCCCACABBABBADDDCEADBBCE;1.0;80.0;100.0;80.0;80.0;20.0;360.0
2971538;2024;33439265.0;3301702.0;Duque de Caxias;33.0;RJ;1.0;1.0;1.0;3301702;Duque de Caxias;33;RJ;1;1;1;1;1420.0;1383.0;1395.0;1408.0;615.0;554.1;580.8;674.2;EEEDAACCAEABCCBABEACDAECCECABBBECBACCDECEBDAB;DDCABBBCABCDDAEBCBEDCADCEDABECEAECADDDADDCDBA;CBAACECBECDDDABCEDECCABEEBCBABBBDDDDCBECADEEB;CCBCBEDECDABBCCDBBCDBCBECABABAACBDCDDEBDCABBC;0;CAEDAACCAEEXCBBAEDBBCAACDEDCBCEECAAEDDDEBBDDB;CECEBEBCDBADDEBBABCDCAECEDADBAEABEADCEDADACBC;CAAAECDDDAECBECEDDCBDEDDCECBDCBCEADBBDBDDCBEDADEEB;CECEBEDADCAADECDBBCEBDCCCACABBABBADDDCEADBBCE;1.0;120.0;200.0;140.0;120.0;140.0;720.0
2790145;2024;33439265.0;3301702.0;Duque de Caxias;33.0;RJ;1.0;1.0;1.0;3301702;Duque de Caxias;33;RJ;1;1;1;1;1421.0;1386.0;1397.0;1409.0;625.8;584.8;598.2;646.8;DDADDEACAABDBCBCEDDEDEEAECCABBECEBDCEEAACAAEB;ACEBACBEDBACCEBAABCDBEBCBDDCBCDCAECADCEBDBDCB;AAECABBEBAAEEBCDBDABCAAABDCDCDDDCBDEDDCECBECD;CEBCBADBDAAACBBACDBCDCCBBCEDDBCADCBCAABDDCBBC;0;DDBDDEBBAAEDECBCEEDCAACDBBCEDBBAEXCCAEAACCAED;ACBCADCEDBAECEDADBADBEBCDADABCDEABCAEDEBBCECE;AACEADACDDCBEDADEEBDDBDBBCEECBDCBADDDCBDEDDCECBECE;CEBCEADBBCEADDDABBABBCCDCCECEDBACADECABEDADCB;1.0;160.0;160.0;140.0;140.0;140.0;740.0
2999234;2024;33439265.0;3301702.0;Duque de Caxias;33.0;RJ;1.0;1.0;1.0;3302502;Magé;33;RJ;0;0;0;0;;;;;;;;;;;;;1;;;;;;;;;;;
1610703;2024;33439265.0;3301702.0;Duque de Caxias;33.0;RJ;1.0;1.0;1.0;3301702;Duque de Caxias;33;RJ;0;1;1;0;;1384.0;1396.0;;;642.5;582.6;;;BADBBCDCECEDEBBBEACEBADABCCADEEAEADEACCBECEDA;AACEADADECDDDAEEBDAEDCBEDDCDCAEDEBDAAAEECCBBA;;0;;DADABCDCECEDEBBBEBCDBADACBCADCEBEADBAECAECEDA;AACEADDDACDADECBBDBEEBDDECCBEDDCADBBDEBCEBDCECEDDC;;1.0;180.0;180.0;140.0;160.0;180.0;840.0
2578014;2024;33439265.0;3301702.0;Duque de Caxias;33.0;RJ;1.0;1.0;1.0;3302502;Magé;33;RJ;1;1;1;1;1419.0;1385.0;1398.0;1407.0;464.9;506.8;539.5;552.0;BBCEDDDDADCDCDDBC.DDAADCDCDEDAADDDCEDDDDDBDDD;DAAABDDBBAECDCADEDEABEDDEEEDEDDBDADDAEDEDDADD;DAABCDDCBDDEDDABBDDDADDEBCDEDAEBDDDDDDBDDEDDD;DDBACDDCDDDDDDDDDACDDDCDADDDBDDDDDDDBADDDBECD;0;BCEAACDEDCAAEDDDEBBDDBECCAEDBBAAACCAEEXCBBCED;CAEDBADBEBCCEDADBAEACBCADCEDEBBEBACECEABCDDAD;EAAACDDCDADDCBDEECEECBDCDADEEBCBEBADBCEBDBDDDDCECB;ABBABBADDDBBCECEADCEBCCCDBADCBEDAECADACDBCECE;1.0;120.0;100.0;100.0;80.0;60.0;460.0
876539;2024;33439265.0;3301702.0;Duque de Caxias;33.0;RJ;1.0;1.0;1.0;3302502;Magé;33;RJ;1;1;1;1;1420.0;1383.0;1395.0;1408.0;587.7;587.8;569.9;703.1;EBADACAEADEDBABDEDBBEBDCABADBAEECAEDCDDEAADAC;EEBBBEBCDACADCBBCECDCAECECADBEBAEDADEEAADADCC;CAAAAECBECDDDABCECDCEBAEEBCEDADEDABACBEDCCEEA;CECBBCDADCABDCEEBBCDBDCCCEDBCEACAADDDCBAEDBBC;0;CAEDAACCAEEXCBBAEDBBCAACDEDCBCEECAAEDDDEBBDDB;CECEBEBCDBADDEBBABCDCAECEDADBAEABEADCEDADACBC;CAAAECDDDAECBECEDDCBDEDDCECBDCBCEADBBDBDDCBEDADEEB;CECEBEDADCAADECDBBCEBDCCCACABBABBADDDCEADBBCE;1.0;120.0;180.0;120.0;160.0;160.0;740.0
1830699;2024;33439265.0;3301702.0;Duque de Caxias;33.0;RJ;1.0;1.0;1.0;3301702;Duque de Caxias;33;RJ;1;1;1;1;1422.0;1384.0;1396.0;1410.0;403.3;570.0;576.2;591.9;ECADBCAEBBBECCDCCEAABDACAECDDCDBBBCACBDBEAEED;BADEECDCECDCEBDABBCABCDBBCAADECCECBBAECAACEAA;AACDACADECBCDADEDDBDDCBEDDCDBDBCEBDCBACECCDAC;CBDEECECBDDCBEDDADCBBEBEBCBBBCDDCACAAAACACEED;0;BBCEDBBAEXCCAEDDBCAEDAACAAEDDDEBBECBCEEDCAACD;DADABCDCECEDEBBBEBCDBADACBCADCEBEADBAECAECEDA;AACEADDDACDADECBBDBEEBDDECCBEDDCADBBDEBCEBDCECEDDC;DBCECEACADABBECBEDADCCDCCABBBCECEBCEADABBADDD;1.0;120.0;200.0;140.0;140.0;180.0;780.0
3929003;2024;33439265.0;3301702.0;Duque de Caxias;33.0;RJ;1.0;1.0;1.0;3301702;Duque de Caxias;33;RJ;1;1;1;1;1419.0;1385.0;1398.0;1407.0;537.9;517.7;568.2;613.5;BEEEAABDDCBABADDCEDABCACEADCAABDDCCACEBBCEACC;CBEABCDEEBACDCABEEBEDADACCEBBABCEACEABADCEBCD;CAAACBDAADEECBAABAEBADDEBEBECEABCCDDAABDDAECB;ABDACECCADDBCCEBDACEBBECCCCDCDCBBBBABABACCECD;0;BCEAACDEDCAAEDDDEBBDDBECCAEDBBAAACCAEEXCBBCED;CAEDBADBEBCCEDADBAEACBCADCEDEBBEBACECEABCDDAD;EAAACDDCDADDCBDEECEECBDCDADEEBCBEBADBCEBDBDDDDCECB;ABBABBADDDBBCECEADCEBCCCDBADCBEDAECADACDBCECE;1.0;160.0;180.0;160.0;200.0;140.0;840.0
2153919;2024;33439265.0;3301702.0;Duque de Caxias;33.0;RJ;1.0;1.0;1.0;3301702;Duque de Caxias;33;RJ;1;1;1;1;1420.0;1383.0;1395.0;1408.0;591.7;560.0;579.5;678.2;DAADAACCEDECBCADEBCCCADAEDBBECEDCCACBCEEBBDDA;AECBBDBEDBADEEEDBBCECAECECABDECDBBACBCABDDCEC;CAABAECBECCDDDBDEDDCBCEDEBDEADCBBCCDBBDDADCEB;CEDCBEBBECABABCEABCDBDCCCDEABAAACCBAACEADCBCB;0;CAEDAACCAEEXCBBAEDBBCAACDEDCBCEECAAEDDDEBBDDB;CECEBEBCDBADDEBBABCDCAECEDADBAEABEADCEDADACBC;CAAAECDDDAECBECEDDCBDEDDCECBDCBCEADBBDBDDCBEDADEEB;CECEBEDADCAADECDBBCEBDCCCACABBABBADDDCEADBBCE;1.0;160.0;200.0;180.0;180.0;180.0;900.0
3326265;2024;33439265.0;3301702.0;Duque de Caxias;33.0;RJ;1.0;1.0;1.0;3301702;Duque de Caxias;33;RJ;1;1;1;1;1421.0;1386.0;1397.0;1409.0;579.5;576.1;377.0;628.2;DEBDDEBBBBACACADEDCCDCCCCBDEDDDDACCCADCEBBAAB;ACCEADEEDEAECEBADBDDBCBADCDBAADDAAAAADEBBADCB;ECBBCECCACEEDBABDCAECCDABBEDEEBCAABDCEABDDECC;CABCDACDECCABEBACCEBBDADBCEDABBEDEECDABEEDBAA;0;DDBDDEBBAAEDECBCEEDCAACDBBCEDBBAEXCCAEAACCAED;ACBCADCEDBAECEDADBADBEBCDADABCDEABCAEDEBBCECE;AACEADACDDCBEDADEEBDDBDBBCEECBDCBADDDCBDEDDCECBECE;CEBCEADBBCEADDDABBABBCCDCCECEDBACADECABEDADCB;1.0;160.0;140.0;140.0;160.0;100.0;700.0
1511042;2024;33439265.0;3301702.0;Duque de Caxias;33.0;RJ;1.0;1.0;1.0;3301702;Duque de Caxias;33;RJ;1;1;1;1;1419.0;1385.0;1398.0;1407.0;438.6;414.5;547.1;450.6;EEEDDDDDBDBCCAEBBCDDDCCAEEDDBCEEADEBDEEECCCBD;ADDCBEEEABBDCECBDEECCCAAADEBDACBEACEBBDDAECAD;CAAACCDCBDEECCBCDAECADEEDCBEEDDBCABDCEEBACBDD;BBCDBEEEDDBCCCAAEEECDCDECBBCAACCAAACDBEEABCCC;0;BCEAACDEDCAAEDDDEBBDDBECCAEDBBAAACCAEEXCBBCED;CAEDBADBEBCCEDADBAEACBCADCEDEBBEBACECEABCDDAD;EAAACDDCDADDCBDEECEECBDCDADEEBCBEBADBCEBDBDDDDCECB;ABBABBADDDBBCECEADCEBCCCDBADCBEDAECADACDBCECE;1.0;120.0;180.0;120.0;140.0;160.0;720.0
2779094;2024;33439265.0;3301702.0;Duque de Caxias;33.0;RJ;1.0;1.0;1.0;3305109;São João de Meriti;33;RJ;1;1;1;1;1422.0;1384.0;1396.0;1410.0;415.4;554.1;574.7;385.5;BADAABEECBDDBCDDABECEACECABEEBCABBAEABBBEDCAA;ADDBCCDAEABDACBBCBDEEDDADCCADAAEBACBBECBECCDA;AACCBCADECBBDAEEBDDDAABEDDBEDABDEBAECCEEDEDBC;CBDADDCBBCECDCCCBCBEDCCBADEDACABBADADCDBBCDAB;0;BBCEDBBAEXCCAEDDBCAEDAACAAEDDDEBBECBCEEDCAACD;DADABCDCECEDEBBBEBCDBADACBCADCEBEADBAECAECEDA;AACEADDDACDADECBBDBEEBDDECCBEDDCADBBDEBCEBDCECEDDC;DBCECEACADABBECBEDADCCDCCABBBCECEBCEADABBADDD;1.0;140.0;180.0;140.0;120.0;0.0;580.0
1306046;2024;33439265.0;3301702.0;Duque de Caxias;33.0;RJ;1.0;1.0;1.0;3302502;Magé;33;RJ;1;1;1;1;1422.0;1384.0;1396.0;1410.0;586.5;588.9;565.5;677.6;BCCEEBBAECDAACDABEABCAACBCCAEDEAEACBAECBDADCB;DADBBCCCECBBEBBBEBBACADEBECADCEACABEACCBECDCA;AACCADADECBBDAEEABBBACBEDDCAEEBBCBDACDEEEEDBC;BADECBAECBBCBDBBEDDCBEECBACCABCCCBCBADABBBDDD;0;BBCEDBBAEXCCAEDDBCAEDAACAAEDDDEBBECBCEEDCAACD;DADABCDCECEDEBBBEBCDBADACBCADCEBEADBAECAECEDA;AACEADDDACDADECBBDBEEBDDECCBEDDCADBBDEBCEBDCECEDDC;DBCECEACADABBECBEDADCCDCCABBBCECEBCEADABBADDD;1.0;120.0;180.0;160.0;160.0;200.0;820.0
1510004;2024;33439265.0;3301702.0;Duque de Caxias;33.0;RJ;1.0;1.0;1.0;3301702;Duque de Caxias;33;RJ;1;1;1;1;1422.0;1384.0;1396.0;1410.0;426.0;520.0;509.6;398.3;DCBBDAECEBEBAEABADAADAEDCBCCDBDCCBEDBEDCDBDDC;BCDEEBAAECABEBDDBAEACCDAAACADAAABAEBADEAECEEE;DEACDEADDCDCEBAEBDECACCEEDADEBEAEBCDABEEDCDAC;AEDBDBCACCDECDDECECDCEBBBABCABAADABEDAEEDBCDA;1;BBCEDBBAEXCCAEDDBCAEDAACAAEDDDEBBECBCEEDCAACD;DADABCDCECEDEBBBEBCDBADACBCADCEBEADBAECAECEDA;AACEADDDACDADECBBDBEEBDDECCBEDDCADBBDEBCEBDCECEDDC;DBCECEACADABBECBEDADCCDCCABBBCECEBCEADABBADDD;1.0;120.0;140.0;120.0;120.0;120.0;620.0
3236821;2024;33439265.0;3301702.0;Duque de Caxias;33.0;RJ;1.0;1.0;1.0;3301702;Duque de Caxias;33;RJ;1;1;1;1;1421.0;1386.0;1397.0;1409.0;525.5;584.7;586.5;644.8;DABDECBAADECDBBCBEDDACCBEEDDBCABBDBECCAEEDDAC;EBBCADECAEADCEBAEBADCEBEDADBBCDEACAABDEABCEDB;AACEABBEDADCEEDDBDABDAEDECEADADDABDEDDBECBECC;EBEEBDDCACCBBDDABEEABBCBDCEDBBBACBDACABDDDBCC;0;DDBDDEBBAAEDECBCEEDCAACDBBCEDBBAEXCCAEAACCAED;ACBCADCEDBAECEDADBADBEBCDADABCDEABCAEDEBBCECE;AACEADACDDCBEDADEEBDDBDBBCEECBDCBADDDCBDEDDCECBECE;CEBCEADBBCEADDDABBABBCCDCCECEDBACADECABEDADCB;1.0;80.0;140.0;80.0;60.0;80.0;440.0
1363813;2024;33439265.0;3301702.0;Duque de Caxias;33.0;RJ;1.0;1.0;1.0;3301702;Duque de Caxias;33;RJ;0;1;1;0;;1384.0;1396.0;;;616.1;571.0;;;DCDCACDEECDDEBBBEBCDBBDABEEADECEEADBAEEBECEDA;AACDBCADCEBBEAEEBDABDCBEDDCEDDBDEDDDBADECCDDA;;0;;DADABCDCECEDEBBBEBCDBADACBCADCEBEADBAECAECEDA;AACEADDDACDADECBBDBEEBDDECCBEDDCADBBDEBCEBDCECEDDC;;1.0;140.0;160.0;100.0;120.0;120.0;640.0
636601;2024;33439265.0;3301702.0;Duque de Caxias;33.0;RJ;1.0;1.0;1.0;3301702;Duque de Caxias;33;RJ;1;1;1;1;1421.0;1386.0;1397.0;1409.0;612.2;649.2;605.9;693.5;DDBADEADABBDECBDEDDDADCBBCBBECBCEABAAEAACEDEE;ADCAADEECBAECEDADBCDBEACDADBBCCEAECAEDEADCECE;AACEACBEDADDEBDDCDABDEDDACDAADDDCBCEDDCECBECD;CEBBCABCCECBCDDABBEBBDCBEBEEDCBACBDCDADEECADB;0;DDBDDEBBAAEDECBCEEDCAACDBBCEDBBAEXCCAEAACCAED;ACBCADCEDBAECEDADBADBEBCDADABCDEABCAEDEBBCECE;AACEADACDDCBEDADEEBDDBDBBCEECBDCBADDDCBDEDDCECBECE;CEBCEADBBCEADDDABBABBCCDCCECEDBACADECABEDADCB;1.0;140.0;200.0;180.0;160.0;180.0;860.0
383089;2024;33439265.0;3301702.0;Duque de Caxias;33.0;RJ;1.0;1.0;1.0;3301702;Duque de Caxias;33;RJ;0;1;1;0;;1384.0;1396.0;;;602.9;627.8;;;BADAACDAECECCBBBEBCDBCDACBCADBDECCCEAEBABCEDA;AACEADADECBDEAEEBBDBBCBEDDCDDBBDEBDEBBEECECDC;;0;;DADABCDCECEDEBBBEBCDBADACBCADCEBEADBAECAECEDA;AACEADDDACDADECBBDBEEBDDECCBEDDCADBBDEBCEBDCECEDDC;;1.0;160.0;180.0;160.0;180.0;200.0;880.0
3088677;2024;33439265.0;3301702.0;Duque de Caxias;33.0;RJ;1.0;1.0;1.0;3301702;Duque de Caxias;33;RJ;0;0;0;0;;;;;;;;;;;;;0;;;;;;;;;;;
545685;2024;33439265.0;3301702.0;Duque de Caxias;33.0;RJ;1.0;1.0;1.0;3301702;Duque de Caxias;33;RJ;0;1;1;0;;1384.0;1396.0;;;383.4;420.5;;;ACCAEBABBCDEEACDECEABECEAA*DAECEAADBBCAEBDCAE;CEAEDBAECBBBDEECADBCDBABBDCAADEDBEAACDEBCECEA;;1;;DADABCDCECEDEBBBEBCDBADACBCADCEBEADBAECAECEDA;AACEADDDACDADECBBDBEEBDDECCBEDDCADBBDEBCEBDCECEDDC;;1.0;100.0;120.0;80.0;80.0;40.0;420.0
1054566;2024;33439265.0;3301702.0;Duque de Caxias;33.0;RJ;1.0;1.0;1.0;3301702;Duque de Caxias;33;RJ;1;1;1;1;1422.0;1384.0;1396.0;1410.0;575.6;575.2;642.8;619.5;BDCDBBADEBBCCDDECEADEBCCAACEDEEDBEBBCBAADBDCB;ADDBBCBBEEBCCADBDDCDBCDABEEACEEEEABBAECAEDEDA;AACEADADECBBDAEEBDABDCBEDDCDDCBDEBDCBCCECEDDC;BDCEDDACADDBBEBCCDADBCECEABCCBDECBCCECBBDDDAE;0;BBCEDBBAEXCCAEDDBCAEDAACAAEDDDEBBECBCEEDCAACD;DADABCDCECEDEBBBEBCDBADACBCADCEBEADBAECAECEDA;AACEADDDACDADECBBDBEEBDDECCBEDDCADBBDEBCEBDCECEDDC;DBCECEACADABBECBEDADCCDCCABBBCECEBCEADABBADDD;1.0;160.0;160.0;140.0;160.0;120.0;740.0
3779079;2024;33439265.0;3301702.0;Duque de Caxias;33.0;RJ;1.0;1.0;1.0;3302502;Magé;33;RJ;1;1;1;1;1420.0;1383.0;1395.0;1408.0;423.8;446.6;544.5;644.7;CCABBEAEADABCEDAACDBDBBCDABEDCAADEACEADCDCDEA;AECBBEBEDBBBDACBCADCEABDACBEBDBADDACDABCEDEEA;CAAAAECBECEDDCBDEBEAADACEBDADBDBDECEBBDBADBA.;CDBDBEDCCBADDCBCCBCBBBBCCCDDCBACDBDDDCBACDCDB;0;CAEDAACCAEEXCBBAEDBBCAACDEDCBCEECAAEDDDEBBDDB;CECEBEBCDBADDEBBABCDCAECEDADBAEABEADCEDADACBC;CAAAECDDDAECBECEDDCBDEDDCECBDCBCEADBBDBDDCBEDADEEB;CECEBEDADCAADECDBBCEBDCCCACABBABBADDDCEADBBCE;1.0;140.0;120.0;120.0;120.0;100.0;600.0
905649;2024;33439265.0;3301702.0;Duque de Caxias;33.0;RJ;1.0;1.0;1.0;3304557;Rio de Janeiro;33;RJ;1;1;1;1;1421.0;1386.0;1397.0;1409.0;570.3;541.7;572.1;669.8;DDBEDEABAACBECBAEDDDDEACBDDEDCADACEEDBDBAEDBA;AAECAAEEBEADCEBAACCCBCAEDCDBACCCAECAECEBDCAAB;DACDBABEBADEEBDDBDABBDCABCDDABBBCBDEDDAECBECE;DDBDBACCBADADEDABBBEDCCCEBEAECBDCADEEADBDCCCE;0;DDBDDEBBAAEDECBCEEDCAACDBBCEDBBAEXCCAEAACCAED;ACBCADCEDBAECEDADBADBEBCDADABCDEABCAEDEBBCECE;AACEADACDDCBEDADEEBDDBDBBCEECBDCBADDDCBDEDDCECBECE;CEBCEADBBCEADDDABBABBCCDCCECEDBACADECABEDADCB;1.0;120.0;120.0;80.0;120.0;120.0;560.0
623235;2024;33439265.0;3301702.0;Duque de Caxias;33.0;RJ;1.0;1.0;1.0;3301702;Duque de Caxias;33;RJ;1;1;1;1;1422.0;1384.0;1396.0;1410.0;372.5;424.6;467.3;461.4;CDBDBDDBBCDEAEABCBBABDDCCEDCEECDDBCDECACCEDDC;ADEDECBCDDAAEBEBECCADDADBAECBEAEBCABECCABCBBA;ABADCDBDACBBEDCDBDEAAEBABABCCBADABDDBEDEDEBAC;BDDEDBCBCDBEDDDBDCEDBEEDCDCBBBBACAABDCCCDCABB;1;BBCEDBBAEXCCAEDDBCAEDAACAAEDDDEBBECBCEEDCAACD;DADABCDCECEDEBBBEBCDBADACBCADCEBEADBAECAECEDA;AACEADDDACDADECBBDBEEBDDECCBEDDCADBBDEBCEBDCECEDDC;DBCECEACADABBECBEDADCCDCCABBBCECEBCEADABBADDD;1.0;160.0;200.0;180.0;160.0;180.0;880.0
410163;2024;33439265.0;3301702.0;Duque de Caxias;33.0;RJ;1.0;1.0;1.0;3301702;Duque de Caxias;33;RJ;1;1;1;1;1419.0;1385.0;1398.0;1407.0;522.3;630.9;605.3;640.5;BCEACEADADACADDBEBCDACECACBEDCACDABDBBECDABDC;CAEABADBBBECEDADEACABDAADEEAEBBEEACECECACDDAD;EAAACDDCBCEECECCBDECADDEBDBECDDBDDEDADBDDCECB;ABBACCADDDCBBBABADCAAECBDBBACCEDEACBAEDCEACBD;0;BCEAACDEDCAAEDDDEBBDDBECCAEDBBAAACCAEEXCBBCED;CAEDBADBEBCCEDADBAEACBCADCEDEBBEBACECEABCDDAD;EAAACDDCDADDCBDEECEECBDCDADEEBCBEBADBCEBDBDDDDCECB;ABBABBADDDBBCECEADCEBCCCDBADCBEDAECADACDBCECE;1.0;160.0;200.0;180.0;200.0;200.0;940.0
3729304;2024;33439265.0;3301702.0;Duque de Caxias;33.0;RJ;1.0;1.0;1.0;3300456;Belford Roxo;33;RJ;1;1;1;1;1420.0;1383.0;1395.0;1408.0;559.0;539.4;542.6;487.1;EAEDADACBEDCAAADDBDBBBDCBDBBBCBECCCBEDECECDCB;CECACBACDEBCDEBDEECDBACCEDACCDBABBADDDDEDBBEC;EABECECBECDDECADECBCDBBEDBDAAECBDDEDEBEDADCEB;DECBBEDBDBCADCADCBBAABECBCDACDBCCBCABBDAACCAC;0;CAEDAACCAEEXCBBAEDBBCAACDEDCBCEECAAEDDDEBBDDB;CECEBEBCDBADDEBBABCDCAECEDADBAEABEADCEDADACBC;CAAAECDDDAECBECEDDCBDEDDCECBDCBCEADBBDBDDCBEDADEEB;CECEBEDADCAADECDBBCEBDCCCACABBABBADDDCEADBBCE;1.0;80.0;120.0;80.0;80.0;100.0;460.0
2662009;2024;33439265.0;3301702.0;Duque de Caxias;33.0;RJ;1.0;1.0;1.0;3301702;Duque de Caxias;33;RJ;1;1;1;1;1420.0;1383.0;1395.0;1408.0;642.1;590.6;624.6;515.6;EAEDAACCAEABCBADAEDAABCCEBBDBCEBCAAACBDEABDDB;BEABBDBEABADDEBBBBCCDAECCEACDAEAEEADCEAEDACCC;CDBDDECBECEDDCBDEDBCDBBDEBDEDDDDDADDCBEDADEEB;DEDBBBBADCCBDBDCEAECAECEEDEBCDAACBDABCBDDCDEC;1;CAEDAACCAEEXCBBAEDBBCAACDEDCBCEECAAEDDDEBBDDB;CECEBEBCDBADDEBBABCDCAECEDADBAEABEADCEDADACBC;CAAAECDDDAECBECEDDCBDEDDCECBDCBCEADBBDBDDCBEDADEEB;CECEBEDADCAADECDBBCEBDCCCACABBABBADDDCEADBBCE;1.0;120.0;160.0;120.0;140.0;200.0;740.0
2799609;2024;33439265.0;3301702.0;Duque de Caxias;33.0;RJ;1.0;1.0;1.0;3301702;Duque de Caxias;33;RJ;1;1;1;1;1422.0;1384.0;1396.0;1410.0;540.1;535.4;594.8;640.7;CDEEDCAAECBECEDBBDCABCCDBECCBCECBDCBAEBDCADBA;BADCBCDAECBDADBCEBBABAAEDCDABEACCAADEACBACECA;AACEABADECBBDDEEBEACABBEDECADAADEBDABDAECDBBC;EBBCCCAEBDBBDCBBDEBECBCCBDBCBDECABBBCDACDBDAD;0;BBCEDBBAEXCCAEDDBCAEDAACAAEDDDEBBECBCEEDCAACD;DADABCDCECEDEBBBEBCDBADACBCADCEBEADBAECAECEDA;AACEADDDACDADECBBDBEEBDDECCBEDDCADBBDEBCEBDCECEDDC;DBCECEACADABBECBEDADCCDCCABBBCECEBCEADABBADDD;1.0;120.0;160.0;120.0;140.0;80.0;620.0
882204;2024;33439265.0;3301702.0;Duque de Caxias;33.0;RJ;1.0;1.0;1.0;3301702;Duque de Caxias;33;RJ;1;1;1;1;1419.0;1385.0;1398.0;1407.0;590.5;643.9;594.5;654.1;BDDADCCBDEAACBDDBCBDBAECEDEBCBDACDCADEBDBACBA;CAADBADBEBECECADDEEABCCADEEDEBBEEABECEABCDBAD;EAAACDDCADEECECABDEDADEEBCBEDABBDCBDABBCDCCCB;ACEABDECDDBECDBBCDCABCCEBCDACDBCDEDEDBCBCCECD;0;BCEAACDEDCAAEDDDEBBDDBECCAEDBBAAACCAEEXCBBCED;CAEDBADBEBCCEDADBAEACBCADCEDEBBEBACECEABCDDAD;EAAACDDCDADDCBDEECEECBDCDADEEBCBEBADBCEBDBDDDDCECB;ABBABBADDDBBCECEADCEBCCCDBADCBEDAECADACDBCECE;1.0;200.0;180.0;180.0;200.0;180.0;940.0
1813349;2024;33439265.0;3301702.0;Duque de Caxias;33.0;RJ;1.0;1.0;1.0;3304557;Rio de Janeiro;33;RJ;1;1;1;1;1420.0;1383.0;1395.0;1408.0;513.8;379.3;452.8;403.4;EEACAACBEEDCDDDBABDAADCECBBEDCEECABAEDAECDDBC;ABCDCDCCAECABBDBEDCBABCECCCAABBABCCDDEABEDBDC;ACABEBCCEAEBDCBEEDAAAEBDDCABEABDDDBCAEAAACCCC;ECBDAABBCCDDEECEEDBBCAACEEC.ADBACCDEACDEACEBA;0;CAEDAACCAEEXCBBAEDBBCAACDEDCBCEECAAEDDDEBBDDB;CECEBEBCDBADDEBBABCDCAECEDADBAEABEADCEDADACBC;CAAAECDDDAECBECEDDCBDEDDCECBDCBCEADBBDBDDCBEDADEEB;CECEBEDADCAADECDBBCEBDCCCACABBABBADDDCEADBBCE;1.0;100.0;120.0;80.0;100.0;0.0;400.0
2223831;2024;33439265.0;3301702.0;Duque de Caxias;33.0;RJ;1.0;1.0;1.0;3301702;Duque de Caxias;33;RJ;1;1;1;1;1421.0;1386.0;1397.0;1409.0;448.2;561.7;570.5;440.8;CCCEDCECCCCDECAAECDBDEDAACCEDEADDCDCDEEAEDAAB;ADACAAEEBEAACDDADBCDAEAEABDAACBEAECAADEABBEDE;AACDBEBEDACDEBDDBDBBCEEAADEADDDDBBDEADAECBEEA;DDAADDEDCBCEDABADAEBAADDCBDECBBBECEAAADCCCBBC;1;DDBDDEBBAAEDECBCEEDCAACDBBCEDBBAEXCCAEAACCAED;ACBCADCEDBAECEDADBADBEBCDADABCDEABCAEDEBBCECE;AACEADACDDCBEDADEEBDDBDBBCEECBDCBADDDCBDEDDCECBECE;CEBCEADBBCEADDDABBABBCCDCCECEDBACADECABEDADCB;1.0;160.0;160.0;120.0;120.0;0.0;560.0
214652;2024;33439265.0;3301702.0;Duque de Caxias;33.0;RJ;1.0;1.0;1.0;3304557;Rio de Janeiro;33;RJ;1;1;1;1;1421.0;1386.0;1397.0;1409.0;550.1;567.2;622.2;608.4;DECDCEDEBEDDBCBEEDBDDEECAADDDCBBEBDCCEEEACCDD;ACBEADEEBEBACEDADAADABBCBA*BECDCAACAAAEEDCECB;AACDDCBECADEEBBDDDBBDAABBDECADBDCBDEDDDECBECE;CBBDDABCDCDABEEACDEDCCCEBAECDCAEDBECBADDECDDD;1;DDBDDEBBAAEDECBCEEDCAACDBBCEDBBAEXCCAEAACCAED;ACBCADCEDBAECEDADBADBEBCDADABCDEABCAEDEBBCECE;AACEADACDDCBEDADEEBDDBDBBCEECBDCBADDDCBDEDDCECBECE;CEBCEADBBCEADDDABBABBCCDCCECEDBACADECABEDADCB;1.0;140.0;160.0;100.0;160.0;200.0;760.0
2338221;2024;33439265.0;3301702.0;Duque de Caxias;33.0;RJ;1.0;1.0;1.0;3301702;Duque de Caxias;33;RJ;1;1;1;1;1422.0;1384.0;1396.0;1410.0;582.0;530.2;545.5;623.0;CBCBBDACEACCACCABEDEDADABECEADEBBACBDEECCADEB;DADBBCDAADBDEBDAEADACBAEACEADBDECAEBECCBBCEDA;ACACADABECBCDBEEADBDACBDDEAEEEBDEBCADACECDAAA;ACDEBBEBBADBCCEDCDABEAACDCECEDDCEBADEDABDAC*D;0;BBCEDBBAEXCCAEDDBCAEDAACAAEDDDEBBECBCEEDCAACD;DADABCDCECEDEBBBEBCDBADACBCADCEBEADBAECAECEDA;AACEADDDACDADECBBDBEEBDDECCBEDDCADBBDEBCEBDCECEDDC;DBCECEACADABBECBEDADCCDCCABBBCECEBCEADABBADDD;1.0;140.0;140.0;120.0;140.0;160.0;700.0
3094781;2024;33439265.0;3301702.0;Duque de Caxias;33.0;RJ;1.0;1.0;1.0;3304557;Rio de Janeiro;33;RJ;0;0;0;0;;;;;;;;;;;;;0;;;;;;;;;;;
504436;2024;33439265.0;3301702.0;Duque de Caxias;33.0;RJ;1.0;1.0;1.0;3305109;São João de Meriti;33;RJ;1;1;1;1;1421.0;1386.0;1397.0;1409.0;559.4;581.3;527.0;676.8;DBCACDECADABECBCECBDDECEBCACEAABABCCADDBDEEED;AAECADEEDEAECECAEBDDCEDCBADBECEEAEAABDEAACECA;BAACACBED*DCEBDBDDABDDEBBBDBEEDABDDEBCABCBECC;CBBBBDDEBCCBCDDACEDBCCCAECEDECBDEEECCACEDBECA;0;DDBDDEBBAAEDECBCEEDCAACDBBCEDBBAEXCCAEAACCAED;ACBCADCEDBAECEDADBADBEBCDADABCDEABCAEDEBBCECE;AACEADACDDCBEDADEEBDDBDBBCEECBDCBADDDCBDEDDCECBECE;CEBCEADBBCEADDDABBABBCCDCCECEDBACADECABEDADCB;1.0;120.0;120.0;120.0;160.0;80.0;600.0
3985413;2024;33439265.0;3301702.0;Duque de Caxias;33.0;RJ;1.0;1.0;1.0;3301702;Duque de Caxias;33;RJ;1;1;1;1;1419.0;1385.0;1398.0;1407.0;612.7;584.4;564.8;719.3;BAEADCDCADBCCDDBEBBDDCBCEAEACDAEDCCEEEBEADDBD;CBEABDDBEADCEAADBAEABECADEEEAEBCAAADCACACDAAD;EAAACCECBDEECDBBCAEAABEEBDBDEAEBCBCDDDDDDBEEB;EBEABBADDDDBAECEADCDBCCBEADACACDAACBDADBBDCCC;0;BCEAACDEDCAAEDDDEBBDDBECCAEDBBAAACCAEEXCBBCED;CAEDBADBEBCCEDADBAEACBCADCEDEBBEBACECEABCDDAD;EAAACDDCDADDCBDEECEECBDCDADEEBCBEBADBCEBDBDDDDCECB;ABBABBADDDBBCECEADCEBCCCDBADCBEDAECADACDBCECE;1.0;120.0;120.0;120.0;100.0;80.0;540.0
508684;2024;33439265.0;3301702.0;Duque de Caxias;33.0;RJ;1.0;1.0;1.0;3301702;Duque de Caxias;33;RJ;1;1;1;1;1421.0;1386.0;1397.0;1409.0;497.5;606.6;616.4;461.0;DDADBBEDDCDCBCADECBCCDECEDCBEDDBEBBCADCADECCD;ADCCADDBAEBECEDADBCDBEBBDCDDECDBAECAEEAEBAECE;DACDDCBEDADDEBCBBEABCCCBDDCAADDDCADEDDCECBECC;CBAABEDDDACBDABCCBEBCDBDBCBDEAEDDEDCDCEADBACA;1;DDBDDEBBAAEDECBCEEDCAACDBBCEDBBAEXCCAEAACCAED;ACBCADCEDBAECEDADBADBEBCDADABCDEABCAEDEBBCECE;AACEADACDDCBEDADEEBDDBDBBCEECBDCBADDDCBDEDDCECBECE;CEBCEADBBCEADDDABBABBCCDCCECEDBACADECABEDADCB;1.0;180.0;200.0;180.0;160.0;200.0;920.0
4050675;2024;33439265.0;3301702.0;Duque de Caxias;33.0;RJ;1.0;1.0;1.0;3301702;Duque de Caxias;33;RJ;1;1;1;1;1421.0;1386.0;1397.0;1409.0;557.5;566.6;532.9;396.3;DDBCEEBCBBCCECECEBEDAECDBCDBAAADEBAEBEBDCEADE;AAECCDAEDBAEDCBAABADEEABDADDECCEAACABCEABADCA;AACCBDCECABAEBDDEDABCCAACDEBDDCEAADEDABBCBECA;ECEBAAACCEEAEDBEEEBCCAE*BDBBAADCDBBACDAAEDABC;0;DDBDDEBBAAEDECBCEEDCAACDBBCEDBBAEXCCAEAACCAED;ACBCADCEDBAECEDADBADBEBCDADABCDEABCAEDEBBCECE;AACEADACDDCBEDADEEBDDBDBBCEECBDCBADDDCBDEDDCECBECE;CEBCEADBBCEADDDABBABBCCDCCECEDBACADECABEDADCB;1.0;120.0;160.0;100.0;120.0;100.0;600.0
4180014;2024;33439265.0;3301702.0;Duque de Caxias;33.0;RJ;1.0;1.0;1.0;3301702;Duque de Caxias;33;RJ;0;0;0;0;;;;;;;;;;;;;1;;;;;;;;;;;
2500525;2024;33439265.0;3301702.0;Duque de Caxias;33.0;RJ;1.0;1.0;1.0;3301702;Duque de Caxias;33;RJ;1;1;1;1;1422.0;1384.0;1396.0;1410.0;507.8;483.7;555.1;664.8;BDEBBCAAEABDEDDABCDEBDADCEDCAEEEABACCEDBCAECC;DEECECBCEABDEDBBBAEDCCCBDBEADEDEEABEAABBDBDBA;A.CAACADECCBDADEBDCBDBBCDDAEBBBCEBCEDDCECEDBB;ABCEDEDCBDBCBEDBACDBCCDDEDCABEDCDBDCADDCBAEBD;0;BBCEDBBAEXCCAEDDBCAEDAACAAEDDDEBBECBCEEDCAACD;DADABCDCECEDEBBBEBCDBADACBCADCEBEADBAECAECEDA;AACEADDDACDADECBBDBEEBDDECCBEDDCADBBDEBCEBDCECEDDC;DBCECEACADABBECBEDADCCDCCABBBCECEBCEADABBADDD;1.0;120.0;120.0;120.0;120.0;140.0;620.0
1627988;2024;33439265.0;3301702.0;Duque de Caxias;33.0;RJ;1.0;1.0;1.0;3301702;Duque de Caxias;33;RJ;0;1;1;0;;1383.0;1395.0;;;425.9;569.3;;;BEBACEBCDBCEEBDBDBDBAEBCACEACEEAECBCEACBEBCDB;CAAACECBECADDCBDECBDBABDCBCEBDABCDEDCBCDCACDB;;0;;CECEBEBCDBADDEBBABCDCAECEDADBAEABEADCEDADACBC;CAAAECDDDAECBECEDDCBDEDDCECBDCBCEADBBDBDDCBEDADEEB;;1.0;120.0;140.0;120.0;180.0;120.0;680.0
1898756;2024;33439265.0;3301702.0;Duque de Caxias;33.0;RJ;1.0;1.0;1.0;3301702;Duque de Caxias;33;RJ;1;1;1;1;1419.0;1385.0;1398.0;1407.0;575.5;640.9;582.5;622.3;BEBDDCBCEBDADAACEEDDDBBAEACECDCADCCECEBCBBAEC;CAEDBCDBECECEDADEAEACDCADBEDEBBEAAADDECBCBDAD;EAABCABCBDEECCCCCAEDADEEDDBEABCBBADDBDADDCECB;BDDABABDDDACEBDBABCDBCEACBEDDCCDDAADDBCBCDCEC;0;BCEAACDEDCAAEDDDEBBDDBECCAEDBBAAACCAEEXCBBCED;CAEDBADBEBCCEDADBAEACBCADCEDEBBEBACECEABCDDAD;EAAACDDCDADDCBDEECEECBDCDADEEBCBEBADBCEBDBDDDDCECB;ABBABBADDDBBCECEADCEBCCCDBADCBEDAECADACDBCECE;1.0;120.0;200.0;140.0;120.0;120.0;700.0
3983809;2024;33439265.0;3301702.0;Duque de Caxias;33.0;RJ;1.0;1.0;1.0;3301702;Duque de Caxias;33;RJ;1;1;1;1;1422.0;1384.0;1396.0;1410.0;538.8;544.6;573.8;428.9;CCABEADBBCBCEEDBAEAEBEAEBCDEDDECDBBBAEDACBECB;DECCECDBECEEAABBEBEDCCBEBDCADEEEBADEADAAEDCCA;AACEADADECCBDDCEBBECCCBEDDCDCEACEBDEBAEEEDDEC;CCCCBCEDCADABECBCEECCADBBCACDCCCDABBDDBEDBCBB;0;BBCEDBBAEXCCAEDDBCAEDAACAAEDDDEBBECBCEEDCAACD;DADABCDCECEDEBBBEBCDBADACBCADCEBEADBAECAECEDA;AACEADDDACDADECBBDBEEBDDECCBEDDCADBBDEBCEBDCECEDDC;DBCECEACADABBECBEDADCCDCCABBBCECEBCEADABBADDD;1.0;120.0;160.0;120.0;120.0;120.0;640.0
988494;2024;33439265.0;3301702.0;Duque de Caxias;33.0;RJ;1.0;1.0;1.0;3301702;Duque de Caxias;33;RJ;1;1;1;1;1419.0;1385.0;1398.0;1407.0;525.9;559.3;573.4;651.2;BCEAEECDDBCDAEEDEBDDECDAEAEEBABCCCEEDEDDCBACE;DAEDBADBCADCACABBEAABDCACCEDEADDEABCAECBCDBAD;EAAACDDABDEECACBA.EDAAEEB.AEEDABCEBDDDEDDEACD;CBDABBDDDDCCCCACADABCCEEEBCADAECEEAEDDCDBDACB;0;BCEAACDEDCAAEDDDEBBDDBECCAEDBBAAACCAEEXCBBCED;CAEDBADBEBCCEDADBAEACBCADCEDEBBEBACECEABCDDAD;EAAACDDCDADDCBDEECEECBDCDADEEBCBEBADBCEBDBDDDDCECB;ABBABBADDDBBCECEADCEBCCCDBADCBEDAECADACDBCECE;1.0;120.0;160.0;120.0;120.0;120.0;640.0
495050;2024;33439265.0;3301702.0;Duque de Caxias;33.0;RJ;1.0;1.0;1.0;3301702;Duque de Caxias;33;RJ;1;1;1;1;1420.0;1383.0;1395.0;1408.0;623.7;616.1;596.5;586.5;EAEDCACCEEEBBCDCCDDDCADEEECDBDEBCAAAB.DEABDDC;CACEBDAEDBADDEBBABCDCAECEDACDADAEEADEEBCBACCE;CBABEECBEACDDCBDEBDCCCCDCBDEADCCDAEECBEDADEEB;CACDDAEBCBDADEAECECDBADDCCDBCBABDEBBDDEEDCAAC;0;CAEDAACCAEEXCBBAEDBBCAACDEDCBCEECAAEDDDEBBDDB;CECEBEBCDBADDEBBABCDCAECEDADBAEABEADCEDADACBC;CAAAECDDDAECBECEDDCBDEDDCECBDCBCEADBBDBDDCBEDADEEB;CECEBEDADCAADECDBBCEBDCCCACABBABBADDDCEADBBCE;1.0;120.0;160.0;120.0;120.0;120.0;640.0
2524564;2024;33439265.0;3301702.0;Duque de Caxias;33.0;RJ;1.0;1.0;1.0;3301702;Duque de Caxias;33;RJ;1;1;1;1;1419.0;1385.0;1398.0;1407.0;584.2;617.8;621.1;683.2;BACCDEDCDAACCCDEEBCDBAEEEAEBBDAAACCCEEBEACBDE;CABDBCBBEBEDEDADEADAABEADEEDEBBEEACECEEBCEACD;EAAACDDCBDEECCBDBAEDADDEBCBEAADECBCDADDDDCECB;CBBABCACEDAEBAEBADCBBCCBECCBCDEEACABDECDCEACC;0;BCEAACDEDCAAEDDDEBBDDBECCAEDBBAAACCAEEXCBBCED;CAEDBADBEBCCEDADBAEACBCADCEDEBBEBACECEABCDDAD;EAAACDDCDADDCBDEECEECBDCDADEEBCBEBADBCEBDBDDDDCECB;ABBABBADDDBBCECEADCEBCCCDBADCBEDAECADACDBCECE;1.0;160.0;200.0;160.0;200.0;160.0;880.0
1792438;2024;33439265.0;3301702.0;Duque de Caxias;33.0;RJ;1.0;1.0;1.0;3301702;Duque de Caxias;33;RJ;1;1;1;1;1419.0;1385.0;1398.0;1407.0;651.5;559.6;604.2;611.6;BCEAECBDDDAABBDDEABDDBBCDAEEBAECACCEAEBDCDCBD;BADBCCBBEABCEBABEADABECADCEBAABCEACBCEDBCDBBD;EAAACCBCBDEECEADECEDADEEDCBECDDBDEBDCDDDDAECB;ECEABBACBDDBCABDCCEDBCCBBACADDDECAAEEEDABBECC;0;BCEAACDEDCAAEDDDEBBDDBECCAEDBBAAACCAEEXCBBCED;CAEDBADBEBCCEDADBAEACBCADCEDEBBEBACECEABCDDAD;EAAACDDCDADDCBDEECEECBDCDADEEBCBEBADBCEBDBDDDDCECB;ABBABBADDDBBCECEADCEBCCCDBADCBEDAECADACDBCECE;1.0;120.0;120.0;80.0;120.0;120.0;560.0
4124731;2024;33439265.0;3301702.0;Duque de Caxias;33.0;RJ;1.0;1.0;1.0;3301702;Duque de Caxias;33;RJ;1;1;1;1;1421.0;1386.0;1397.0;1409.0;597.6;483.5;466.6;618.9;CEADBEEBADEAECCBEBDACECDBEACBEDDECDCDEAECBDED;ABEEADEECEBDC*AEBADBCADEBADBEDDBAECABACDEAECA;DCDDAEBEDADDEBDEEDACEBBDACEBBECBEDDBEACEEBCDB;CDACEBDBBDCEAADABCDBCAEDBEECBBBECBBDBEDBDDACB;1;DDBDDEBBAAEDECBCEEDCAACDBBCEDBBAEXCCAEAACCAED;ACBCADCEDBAECEDADBADBEBCDADABCDEABCAEDEBBCECE;AACEADACDDCBEDADEEBDDBDBBCEECBDCBADDDCBDEDDCECBECE;CEBCEADBBCEADDDABBABBCCDCCECEDBACADECABEDADCB;1.0;140.0;180.0;120.0;160.0;180.0;780.0
612317;2024;33439265.0;3301702.0;Duque de Caxias;33.0;RJ;1.0;1.0;1.0;3301702;Duque de Caxias;33;RJ;1;1;1;1;1420.0;1383.0;1395.0;1408.0;593.7;531.6;574.1;548.7;EAEDCAECBDEBDCBBEBDABBEADCDEEEEACAAEADDCBDDEE;CEAACEACECEDBEEBCBCDBABCCBABEAEAEEADECADBEBCA;AAAABACBECDDDCBDEDDAEBEEEBCEDEDCEBDBCBEDADCEB;DECCACBBCCACBBCDECCBACECBAA*ECAAACEDACCEADEBD;0;CAEDAACCAEEXCBBAEDBBCAACDEDCBCEECAAEDDDEBBDDB;CECEBEBCDBADDEBBABCDCAECEDADBAEABEADCEDADACBC;CAAAECDDDAECBECEDDCBDEDDCECBDCBCEADBBDBDDCBEDADEEB;CECEBEDADCAADECDBBCEBDCCCACABBABBADDDCEADBBCE;1.0;120.0;140.0;120.0;120.0;120.0;620.0
919285;2024;33439265.0;3301702.0;Duque de Caxias;33.0;RJ;1.0;1.0;1.0;3301702;Duque de Caxias;33;RJ;1;1;1;1;1419.0;1385.0;1398.0;1407.0;474.3;517.7;548.1;482.3;ECEDDBABDABCBBCCABBDAAECCAAEEDCCAEACDEDDEBADC;DEEEBCDCDCECEBADBBDEDCAACEEBEBDDAACEBBCACDCAB;DCAADCBEBCEECAAACCCDADEABEBEBDEBAADDBBDDDCECB;DABACABCAECBEDDBEDACABEBCCCDBECDEBBDEECBCECDA;0;BCEAACDEDCAAEDDDEBBDDBECCAEDBBAAACCAEEXCBBCED;CAEDBADBEBCCEDADBAEACBCADCEDEBBEBACECEABCDDAD;EAAACDDCDADDCBDEECEECBDCDADEEBCBEBADBCEBDBDDDDCECB;ABBABBADDDBBCECEADCEBCCCDBADCBEDAECADACDBCECE;1.0;120.0;200.0;160.0;160.0;160.0;800.0
1254406;2024;33439265.0;3301702.0;Duque de Caxias;33.0;RJ;1.0;1.0;1.0;3301702;Duque de Caxias;33;RJ;1;1;1;1;1422.0;1384.0;1396.0;1410.0;480.7;598.9;579.2;627.8;DCADBCAEEBDEE.DCBDEDEEACACBCDDECAADDCEDBACEDB;ADDCECDCECBDEBBBCBEEBBDADDCADCEADCCDAECAECECA;DDDBEBADECBBDBEEBDCDDEBEDEAADCBDEBCCAADECCBBC;CBCDDEEBDCBBECCDBECADCAABEAEBAECDBCBADADCDDED;1;BBCEDBBAEXCCAEDDBCAEDAACAAEDDDEBBECBCEEDCAACD;DADABCDCECEDEBBBEBCDBADACBCADCEBEADBAECAECEDA;AACEADDDACDADECBBDBEEBDDECCBEDDCADBBDEBCEBDCECEDDC;DBCECEACADABBECBEDADCCDCCABBBCECEBCEADABBADDD;1.0;140.0;200.0;160.0;180.0;180.0;860.0
3081999;2024;33439265.0;3301702.0;Duque de Caxias;33.0;RJ;1.0;1.0;1.0;3301702;Duque de Caxias;33;RJ;1;1;1;1;1421.0;1386.0;1397.0;1409.0;598.0;488.1;551.0;612.0;DDCDAAEBD.BDEEBCEEBBBDBDBCCBDAADECBEAEAACEAEB;EBCCADEEAEEACCEABACEDDBCABDBEACBEBCDBAEEBAECB;DACEBCAEDBDDEAEACDDBDABACDCCBDCDABDECDBECBECA;DEBEBADAECCADADAABCCEABACDEBDBCEDBEABADDBEACC;0;DDBDDEBBAAEDECBCEEDCAACDBBCEDBBAEXCCAEAACCAED;ACBCADCEDBAECEDADBADBEBCDADABCDEABCAEDEBBCECE;AACEADACDDCBEDADEEBDDBDBBCEECBDCBADDDCBDEDDCECBECE;CEBCEADBBCEADDDABBABBCCDCCECEDBACADECABEDADCB;1.0;160.0;180.0;140.0;140.0;160.0;780.0
762527;2024;33439265.0;3301702.0;Duque de Caxias;33.0;RJ;1.0;1.0;1.0;3304557;Rio de Janeiro;33;RJ;1;1;1;1;1422.0;1384.0;1396.0;1410.0;502.1;512.9;482.3;425.3;BACBCABCEDBEAECBDDCAADDCEBCCCBEDBEEBACADCDEAD;DCDCECEBECBAEBDACCDDBCAABCCBDECBDACACDBABDECA;AADBECACECDBDDCEDDADAEBABDCDDCBCDEEECCCEAECDA;CDBACDEBCACDCCBEABDDADACCDAEDCEDADCEACDBDDDBD;0;BBCEDBBAEXCCAEDDBCAEDAACAAEDDDEBBECBCEEDCAACD;DADABCDCECEDEBBBEBCDBADACBCADCEBEADBAECAECEDA;AACEADDDACDADECBBDBEEBDDECCBEDDCADBBDEBCEBDCECEDDC;DBCECEACADABBECBEDADCCDCCABBBCECEBCEADABBADDD;1.0;160.0;200.0;160.0;160.0;200.0;880.0
3338211;2024;33439265.0;3301702.0;Duque de Caxias;33.0;RJ;1.0;1.0;1.0;3304557;Rio de Janeiro;33;RJ;1;1;1;1;1420.0;1383.0;1395.0;1408.0;553.2;541.6;557.2;454.9;BAECDACAAACAEBDABCCBDCDAEBCDADEECADCCDDCDBDBA;AACEBEACEBADDCBDCBCDCDCACBACBADACDADADBAEECED;CDAAABCBEDCDDDBCECBCAABDDBDCADABDBDDCAECADBEB;ECCDDECEBCABCDCCCBDDEDCDCEBDAADECDAABCCDBDBDC;0;CAEDAACCAEEXCBBAEDBBCAACDEDCBCEECAAEDDDEBBDDB;CECEBEBCDBADDEBBABCDCAECEDADBAEABEADCEDADACBC;CAAAECDDDAECBECEDDCBDEDDCECBDCBCEADBBDBDDCBEDADEEB;CECEBEDADCAADECDBBCEBDCCCACABBABBADDDCEADBBCE;1.0;120.0;160.0;120.0;120.0;120.0;640.0
811000;2024;33439265.0;3301702.0;Duque de Caxias;33.0;RJ;1.0;1.0;1.0;3301702;Duque de Caxias;33;RJ;1;1;1;1;1421.0;1386.0;1397.0;1409.0;435.6;529.5;510.7;591.6;DBAEEEDAACDCCEAEBDACDDDBBDCEBDADACBEBECACDECD;BBEDABACCEBDCEDAABCDBCCEBADBBDDCACEAEDBCDBECA;BAABDCAACADCEBDDCEDBCACADCEBECABDBEECDABCBECA;CDBDAACCABCDBEBABCBBCCDAECBDCBBECDBC.BCDBADDB;0;DDBDDEBBAAEDECBCEEDCAACDBBCEDBBAEXCCAEAACCAED;ACBCADCEDBAECEDADBADBEBCDADABCDEABCAEDEBBCECE;AACEADACDDCBEDADEEBDDBDBBCEECBDCBADDDCBDEDDCECBECE;CEBCEADBBCEADDDABBABBCCDCCECEDBACADECABEDADCB;1.0;140.0;100.0;120.0;100.0;100.0;560.0
1725217;2024;33439265.0;3301702.0;Duque de Caxias;33.0;RJ;1.0;1.0;1.0;3304557;Rio de Janeiro;33;RJ;1;1;1;1;1419.0;1385.0;1398.0;1407.0;619.7;596.5;603.2;510.5;BAEDDEADDDABCDDCEABDDBECECADDBEBACCEEEDDDCCBE;CADDBCDBEBDDCCACABEACECADCCDEABCBABECBABCDDAD;EAABCDBCBDEECCBABDCDADCEACAECDDBDABDADDDDCECB;BCDACCBCBEBBDCCDAAADBDDCBABAEDBBDEBAABDBCEABB;0;BCEAACDEDCAAEDDDEBBDDBECCAEDBBAAACCAEEXCBBCED;CAEDBADBEBCCEDADBAEACBCADCEDEBBEBACECEABCDDAD;EAAACDDCDADDCBDEECEECBDCDADEEBCBEBADBCEBDBDDDDCECB;ABBABBADDDBBCECEADCEBCCCDBADCBEDAECADACDBCECE;1.0;160.0;200.0;160.0;160.0;180.0;860.0
2245837;2024;33439265.0;3301702.0;Duque de Caxias;33.0;RJ;1.0;1.0;1.0;3301702;Duque de Caxias;33;RJ;1;1;1;1;1419.0;1385.0;1398.0;1407.0;584.3;576.4;566.1;759.4;BAEACCBDDBAEBBCDEBBCEBCAEACDDDAAAECBDAECBEADB;BAEDBDDBEACCEAADEBEADCEABAECEBBEBADAADBCCECED;EAABCDDABBEECCDCADECADEEBEBDDBABCEBDABADDBECE;CBBABBADADBBCEDBADCEBBDCDBADCDEDDCAADDCBBCCCE;0;BCEAACDEDCAAEDDDEBBDDBECCAEDBBAAACCAEEXCBBCED;CAEDBADBEBCCEDADBAEACBCADCEDEBBEBACECEABCDDAD;EAAACDDCDADDCBDEECEECBDCDADEEBCBEBADBCEBDBDDDDCECB;ABBABBADDDBBCECEADCEBCCCDBADCBEDAECADACDBCECE;1.0;120.0;120.0;100.0;120.0;80.0;540.0
3062495;2024;33439265.0;3301702.0;Duque de Caxias;33.0;RJ;1.0;1.0;1.0;3301702;Duque de Caxias;33;RJ;0;1;1;0;;1383.0;1395.0;;;594.0;479.3;;;ADCBBEBEDBBDDEBDABADBAECEDADEADAEEADEEBABABDC;DEA*CBEBECDBEADAECBDDBADEDCBAEBDDADAADCCADDEB;;0;;CECEBEBCDBADDEBBABCDCAECEDADBAEABEADCEDADACBC;CAAAECDDDAECBECEDDCBDEDDCECBDCBCEADBBDBDDCBEDADEEB;;1.0;140.0;120.0;140.0;140.0;60.0;600.0
3182373;2024;33439265.0;3301702.0;Duque de Caxias;33.0;RJ;1.0;1.0;1.0;3301702;Duque de Caxias;33;RJ;1;1;1;1;1422.0;1384.0;1396.0;1410.0;548.3;556.0;546.8;649.8;BCCEBADAECDEAEDBBCCDAABCAECBEDAACBCEBECACADAB;DCBCACDAACBDEADBEBDDACAADDCADEEEBCDEABCABCDDA;DDCABDADECBEDAEEBBEACDDECDADEBBCEBDCECCEAEDDB;DBCECCACECDCEEBCEEBDADBBCEBBDDCCBCACDDABABCDD;1;BBCEDBBAEXCCAEDDBCAEDAACAAEDDDEBBECBCEEDCAACD;DADABCDCECEDEBBBEBCDBADACBCADCEBEADBAECAECEDA;AACEADDDACDADECBBDBEEBDDECCBEDDCADBBDEBCEBDCECEDDC;DBCECEACADABBECBEDADCCDCCABBBCECEBCEADABBADDD;1.0;140.0;140.0;160.0;160.0;60.0;660.0
446224;2024;33439265.0;3301702.0;Duque de Caxias;33.0;RJ;1.0;1.0;1.0;3302700;Maricá;33;RJ;1;1;1;1;1422.0;1384.0;1396.0;1410.0;477.0;429.1;560.8;418.6;BCBBBBCD*CDEABDDAEDEBEABACABEBCDCDCACEACBADBC;ACDBACDABCBDEEBDBBAECAADABDCBCDBCDEBDBDBDCBAB;ABABBCADECBBDBDEBBCABCEEDDCABDBDEBDEDDDECDCDC;DBCDBC.ECBCADCBBCDABCDABCAEBCCBABEBDDEDECDCCE;0;BBCEDBBAEXCCAEDDBCAEDAACAAEDDDEBBECBCEEDCAACD;DADABCDCECEDEBBBEBCDBADACBCADCEBEADBAECAECEDA;AACEADDDACDADECBBDBEEBDDECCBEDDCADBBDEBCEBDCECEDDC;DBCECEACADABBECBEDADCCDCCABBBCECEBCEADABBADDD;1.0;140.0;120.0;120.0;80.0;100.0;560.0
155031;2024;33439265.0;3301702.0;Duque de Caxias;33.0;RJ;1.0;1.0;1.0;3301702;Duque de Caxias;33;RJ;1;1;1;1;1419.0;1385.0;1398.0;1407.0;409.8;501.3;499.9;530.4;AAEBCEDCADAABBADEBCAAAADBCAEADBBBCEAAEADACBEC;BBACBEDACACCDBADEADEDBCAAEEBEBBBCABEAAAECCEAB;CABBEDBCADAECEDBECCCADECAABBDCDBAEDDAEDEDBECA;DCAAEACDBBCEAACBDDCEABAAEDBACACBADECABDACDEBB;0;BCEAACDEDCAAEDDDEBBDDBECCAEDBBAAACCAEEXCBBCED;CAEDBADBEBCCEDADBAEACBCADCEDEBBEBACECEABCDDAD;EAAACDDCDADDCBDEECEECBDCDADEEBCBEBADBCEBDBDDDDCECB;ABBABBADDDBBCECEADCEBCCCDBADCBEDAECADACDBCECE;1.0;100.0;60.0;60.0;60.0;0.0;280.0
155457;2024;33439265.0;3301702.0;Duque de Caxias;33.0;RJ;1.0;1.0;1.0;3301702;Duque de Caxias;33;RJ;1;1;1;1;1419.0;1385.0;1398.0;1407.0;498.7;498.5;554.5;528.7;BDABECBEDBBADBEAEACDAECDADEBDCCDBEECDACBECADC;DACDBCDCEACDBBECBAEEACCDDEDDBECEBAEBDAEBCDBDA;DBAACADCBDEECDBBDCEDBDDEBCDECABBDABEBBDDBCECD;DCDBCEDBDDCABDEBDDCADBCADBECADAEACBDEADBDBECA;0;BCEAACDEDCAAEDDDEBBDDBECCAEDBBAAACCAEEXCBBCED;CAEDBADBEBCCEDADBAEACBCADCEDEBBEBACECEABCDDAD;EAAACDDCDADDCBDEECEECBDCDADEEBCBEBADBCEBDBDDDDCECB;ABBABBADDDBBCECEADCEBCCCDBADCBEDAECADACDBCECE;1.0;120.0;200.0;140.0;160.0;180.0;800.0
2886028;2024;33439265.0;3301702.0;Duque de Caxias;33.0;RJ;1.0;1.0;1.0;3301702;Duque de Caxias;33;RJ;1;1;1;1;1419.0;1385.0;1398.0;1407.0;390.4;546.8;523.8;425.7;ADBEEBCECBBDBDEBE.AEBEABBAAABDABECBDAEECCCBDE;CABAECDBBBCCABACEACBCCCADECBABBECAAECBCECCBCD;DAACCEAAEEEEACAAEDCDADEEACBADDBBDCBDADBCDCDCA;DCDDBCCECBCDEDCBDBACEBDCBDCDDCDEABCCCEDADBECD;0;BCEAACDEDCAAEDDDEBBDDBECCAEDBBAAACCAEEXCBBCED;CAEDBADBEBCCEDADBAEACBCADCEDEBBEBACECEABCDDAD;EAAACDDCDADDCBDEECEECBDCDADEEBCBEBADBCEBDBDDDDCECB;ABBABBADDDBBCECEADCEBCCCDBADCBEDAECADACDBCECE;1.0;160.0;140.0;160.0;140.0;140.0;740.0
1265561;2024;33439265.0;3301702.0;Duque de Caxias;33.0;RJ;1.0;1.0;1.0;3301702;Duque de Caxias;33;RJ;1;1;1;1;1419.0;1385.0;1398.0;1407.0;624.3;606.6;630.7;645.9;BAEADCADBDAAAACBEBBDBBBCEAEBCBBAADCAEAADDBECD;DAEAADDBCBCCEDACBAEABBAADEEDEEBEEAAECBABCDACD;DDCEADDCBDEECCEBBDEDADEEBCEEAACBDEBDBDDDDAECB;DCDABCCEBDEBBECBAECEBCBBEBEAAACBECBEDEEBBCECC;1;BCEAACDEDCAAEDDDEBBDDBECCAEDBBAAACCAEEXCBBCED;CAEDBADBEBCCEDADBAEACBCADCEDEBBEBACECEABCDDAD;EAAACDDCDADDCBDEECEECBDCDADEEBCBEBADBCEBDBDDDDCECB;ABBABBADDDBBCECEADCEBCCCDBADCBEDAECADACDBCECE;1.0;140.0;140.0;120.0;180.0;180.0;760.0
232282;2024;33439265.0;3301702.0;Duque de Caxias;33.0;RJ;1.0;1.0;1.0;3301702;Duque de Caxias;33;RJ;1;1;1;1;1421.0;1386.0;1397.0;1409.0;612.9;523.9;575.3;671.2;DABDDEEDBBCDECBCEDBADACBBEADDEDAABCDCEAACBCEC;ABBAADCECEECECAADBADCBBCDCDBBCDCAEBDDACEBD*BA;AACCBCBEDADDEBBADEBBDEBBBCEADBDCCADEDDDECBECB;CBBEEADCBDEDCDDABBEAECCBECCDBDCADEBDADDCEABDC;0;DDBDDEBBAAEDECBCEEDCAACDBBCEDBBAEXCCAEAACCAED;ACBCADCEDBAECEDADBADBEBCDADABCDEABCAEDEBBCECE;AACEADACDDCBEDADEEBDDBDBBCEECBDCBADDDCBDEDDCECBECE;CEBCEADBBCEADDDABBABBCCDCCECEDBACADECABEDADCB;1.0;160.0;180.0;160.0;160.0;200.0;860.0
3878467;2024;33439265.0;3301702.0;Duque de Caxias;33.0;RJ;1.0;1.0;1.0;3304557;Rio de Janeiro;33;RJ;0;1;1;0;;1384.0;1396.0;;;517.5;472.7;;;ADAEBADBECADABCBCACDDBBADDEABDEABACBDDAADCECA;DEDBCDADBCADDACAAEABACADCDCCEEDCEBABDACCDAAEB;;1;;DADABCDCECEDEBBBEBCDBADACBCADCEBEADBAECAECEDA;AACEADDDACDADECBBDBEEBDDECCBEDDCADBBDEBCEBDCECEDDC;;1.0;120.0;120.0;100.0;120.0;80.0;540.0
1132373;2024;33439265.0;3301702.0;Duque de Caxias;33.0;RJ;1.0;1.0;1.0;3300456;Belford Roxo;33;RJ;1;1;1;1;1420.0;1383.0;1395.0;1408.0;517.0;532.6;519.6;510.9;ECEDCACBEEDBDBABDCBEAEDBCCDABCDACDBCADCEBBECC;BACBBEBEACDCDEABDECEAAEDCDBC*BCAEEADEEBADEDBA;ECDADECEECCDDADDACBBDABACBEEACABDADBCBDBADA*B;CEBDDCBAADCBBAEDEECCEDABCECADCEBC*AEDEAECEACD;1;CAEDAACCAEEXCBBAEDBBCAACDEDCBCEECAAEDDDEBBDDB;CECEBEBCDBADDEBBABCDCAECEDADBAEABEADCEDADACBC;CAAAECDDDAECBECEDDCBDEDDCECBDCBCEADBBDBDDCBEDADEEB;CECEBEDADCAADECDBBCEBDCCCACABBABBADDDCEADBBCE;1.0;140.0;160.0;120.0;140.0;200.0;760.0
19941;2024;33439265.0;3301702.0;Duque de Caxias;33.0;RJ;1.0;1.0;1.0;3301702;Duque de Caxias;33;RJ;1;1;1;1;1419.0;1385.0;1398.0;1407.0;612.5;612.5;613.0;611.9;BDBBBEABCDAACCDDEABDDBECDADDCAADACCBCEBBDDCDE;EAEDBADBEBECEDABDAEABCACDEDBEBBEEACECBCACDDAA;EAAACCDCBDEDCCBBBDEDADEEACBEBDBBCCEDBDBDDCECB;BDDACBDDABCCABDCDDCBBCEBACBDDCBBADEBDECCCCEDC;0;BCEAACDEDCAAEDDDEBBDDBECCAEDBBAAACCAEEXCBBCED;CAEDBADBEBCCEDADBAEACBCADCEDEBBEBACECEABCDDAD;EAAACDDCDADDCBDEECEECBDCDADEEBCBEBADBCEBDBDDDDCECB;ABBABBADDDBBCECEADCEBCCCDBADCBEDAECADACDBCECE;1.0;160.0;200.0;160.0;200.0;160.0;880.0
518118;2024;33439265.0;3301702.0;Duque de Caxias;33.0;RJ;1.0;1.0;1.0;3301702;Duque de Caxias;33;RJ;1;1;1;1;1421.0;1386.0;1397.0;1409.0;611.8;539.7;552.6;628.8;DDBBDEABABCAACBAECCEBDCDDDDABBBBEBDEAEAACEAAA;ABCAADDDEDAEDCCADCDDECCCBADBBCBBACCAEEEBBBDEA;BACDACBDDABEEBDDCEBBDDCDCDDABAADBBDEDDBEC*EEE;CDACDADDBBCBDDDACEBCBBCEBDEABBADBBBCCADADCDDC;0;DDBDDEBBAAEDECBCEEDCAACDBBCEDBBAEXCCAEAACCAED;ACBCADCEDBAECEDADBADBEBCDADABCDEABCAEDEBBCECE;AACEADACDDCBEDADEEBDDBDBBCEECBDCBADDDCBDEDDCECBECE;CEBCEADBBCEADDDABBABBCCDCCECEDBACADECABEDADCB;1.0;120.0;120.0;140.0;120.0;140.0;640.0
2856199;2024;33439265.0;3301702.0;Duque de Caxias;33.0;RJ;1.0;1.0;1.0;3301702;Duque de Caxias;33;RJ;1;1;1;1;1421.0;1386.0;1397.0;1409.0;540.6;506.2;460.2;611.0;DAAADECAABEBBCBCEDCCADACDCBADBAAEBDBEACADECDE;ADECAACEEECCCADBAEDABEADCABAECDBAEDAECEEDBACD;AACCACBADEADEBDACDBBBBAAECCCDACDADCCBDCDECCDC;CBBDCDDCBBBACCDACDDCDECCDDCBDCCAECBEADCDCCACE;0;DDBDDEBBAAEDECBCEEDCAACDBBCEDBBAEXCCAEAACCAED;ACBCADCEDBAECEDADBADBEBCDADABCDEABCAEDEBBCECE;AACEADACDDCBEDADEEBDDBDBBCEECBDCBADDDCBDEDDCECBECE;CEBCEADBBCEADDDABBABBCCDCCECEDBACADECABEDADCB;1.0;120.0;120.0;120.0;120.0;40.0;520.0
3006781;2024;33439265.0;3301702.0;Duque de Caxias;33.0;RJ;1.0;1.0;1.0;3301702;Duque de Caxias;33;RJ;0;0;0;0;;;;;;;;;;;;;0;;;;;;;;;;;
4025809;2024;33439265.0;3301702.0;Duque de Caxias;33.0;RJ;1.0;1.0;1.0;3301702;Duque de Caxias;33;RJ;1;1;1;1;1421.0;1386.0;1397.0;1409.0;541.1;535.8;617.8;670.9;DBCDDBDBBECEEDACBCDDDECBBDBEDAAAEBDEECDACEAAD;BDDAADECEBAEDECADECDCBBBBADABEDCAEDAEBDEBBCCB;AACBACBEEADEEBDDDDBBCEBDADCBDDDDCBDEDDCBCBECD;CDBABADDBECDCDDABECDBCBBBDCCBBAECBDEDAAEDDBCB;0;DDBDDEBBAAEDECBCEEDCAACDBBCEDBBAEXCCAEAACCAED;ACBCADCEDBAECEDADBADBEBCDADABCDEABCAEDEBBCECE;AACEADACDDCBEDADEEBDDBDBBCEECBDCBADDDCBDEDDCECBECE;CEBCEADBBCEADDDABBABBCCDCCECEDBACADECABEDADCB;1.0;140.0;140.0;140.0;160.0;120.0;700.0
4181711;2024;33439265.0;3301702.0;Duque de Caxias;33.0;RJ;1.0;1.0;1.0;3305109;São João de Meriti;33;RJ;1;1;1;1;1419.0;1385.0;1398.0;1407.0;613.6;578.2;576.1;507.6;BDEADCAEDCDABEABCABDABBEECEDBDAAABCABEBCBDDED;CADCDC*BEBCDEBACBEEABEAACDEDEEBECAAECBCACDBCD;CAAACBBCADEECBCADAADABEEBCBEBABBDEBDADADDCDCB;BBEACDBCCECACDECDCCDAEACAAACDCADDABD.**DCEEBB;0;BCEAACDEDCAAEDDDEBBDDBECCAEDBBAAACCAEEXCBBCED;CAEDBADBEBCCEDADBAEACBCADCEDEBBEBACECEABCDDAD;EAAACDDCDADDCBDEECEECBDCDADEEBCBEBADBCEBDBDDDDCECB;ABBABBADDDBBCECEADCEBCCCDBADCBEDAECADACDBCECE;1.0;140.0;120.0;140.0;160.0;160.0;720.0
533364;2024;33439265.0;3301702.0;Duque de Caxias;33.0;RJ;1.0;1.0;1.0;3301702;Duque de Caxias;33;RJ;1;1;1;1;1422.0;1384.0;1396.0;1410.0;501.8;521.1;551.6;454.2;DCAEECBEABDCADEBBCDEEEBCBACDADDAAEACBEDDDECEC;DCBCCBDAEDEDEBBBBBCAADDACCEACAEAACBBBCCABADEA;ABCBCDADECBBDDBEDDAEADBEEDADDBAEEBCABDEECDBDD;BBBDCCEEBEDCACEDBDEDCBDBCEADEACBBADCCAADCCDDB;0;BBCEDBBAEXCCAEDDBCAEDAACAAEDDDEBBECBCEEDCAACD;DADABCDCECEDEBBBEBCDBADACBCADCEBEADBAECAECEDA;AACEADDDACDADECBBDBEEBDDECCBEDDCADBBDEBCEBDCECEDDC;DBCECEACADABBECBEDADCCDCCABBBCECEBCEADABBADDD;1.0;120.0;120.0;100.0;120.0;100.0;560.0
3151713;2024;33439265.0;3301702.0;Duque de Caxias;33.0;RJ;1.0;1.0;1.0;3304557;Rio de Janeiro;33;RJ;1;1;1;1;1422.0;1384.0;1396.0;1410.0;454.7;491.1;406.2;455.3;DEBAECACEDBACEEABEAADAEABDEBEEBABBCCDBAECBBDC;EABCEBDDBCDCCCBEECDEACDADBEACEDBEAEBDBDAECACA;AAAAACCECDADDACDDBDABEDADDAEECBEEAAEBDAEAEBDE;BAADACEDBCDCBDEECDDBAEDECBEBACEBCEBAEDABECAED;1;BBCEDBBAEXCCAEDDBCAEDAACAAEDDDEBBECBCEEDCAACD;DADABCDCECEDEBBBEBCDBADACBCADCEBEADBAECAECEDA;AACEADDDACDADECBBDBEEBDDECCBEDDCADBBDEBCEBDCECEDDC;DBCECEACADABBECBEDADCCDCCABBBCECEBCEADABBADDD;1.0;100.0;160.0;100.0;120.0;100.0;580.0
